ion	r_A	g_ion_O
F-	2.0249999999999999	0
F-	2.0750000000000002	0
F-	2.125	-0.001202746666666665
F-	2.1749999999999998	-0.0071617066666666562
F-	2.2250000000000001	-0.03879297238095232
F-	2.2749999999999999	-0.067530454285714123
F-	2.3250000000000002	0.092278823809524124
F-	2.375	0.79460229047619024
F-	2.4249999999999998	2.2251943742857141
F-	2.4750000000000001	4.0040748638095236
F-	2.5249999999999999	5.3934748095238092
F-	2.5750000000000002	5.7805156666666653
F-	2.625	5.0998741428571419
F-	2.6749999999999998	3.8394765238095232
F-	2.7250000000000001	2.6359733333333328
F-	2.7749999999999999	1.7624247285714283
F-	2.8250000000000002	1.2051348761904759
F-	2.875	0.86802828095238083
F-	2.9249999999999998	0.67514771428571418
F-	2.9750000000000001	0.56216769047619042
F-	3.0249999999999999	0.49867290952380944
F-	3.0750000000000002	0.46915835238095227
F-	3.125	0.45181060476190471
F-	3.1749999999999998	0.45071892380952372
F-	3.2250000000000001	0.46063856190476177
F-	3.2749999999999999	0.47254680476190469
F-	3.3250000000000002	0.49260167619047607
F-	3.375	0.51124073333333331
F-	3.4249999999999998	0.52802028095238085
F-	3.4750000000000001	0.5395112904761904
F-	3.5249999999999999	0.55494616666666663
F-	3.5750000000000002	0.56390097619047608
F-	3.625	0.58155131904761903
F-	3.6749999999999998	0.58825058571428557
F-	3.7250000000000001	0.60759390952380954
F-	3.7749999999999999	0.63212776190476183
F-	3.8250000000000002	0.66901775714285705
F-	3.875	0.70995952857142841
F-	3.9249999999999998	0.75456579047619032
F-	3.9750000000000001	0.79961928095238077
F-	4.0250000000000004	0.8518823095238095
F-	4.0750000000000002	0.91360326190476182
F-	4.125	0.97866279523809518
F-	4.1749999999999998	1.0425524238095236
F-	4.2249999999999996	1.112212595238095
F-	4.2750000000000004	1.180686857142857
F-	4.3250000000000002	1.2465594428571427
F-	4.375	1.3091571809523805
F-	4.4249999999999998	1.3638297619047617
F-	4.4749999999999996	1.3979716190476186
F-	4.5250000000000004	1.4333076666666662
F-	4.5750000000000002	1.457443238095238
F-	4.625	1.4621537142857142
F-	4.6749999999999998	1.4512253333333331
F-	4.7249999999999996	1.4206287142857144
F-	4.7750000000000004	1.3707530476190475
F-	4.8250000000000002	1.3182099523809523
F-	4.875	1.2684028285714279
F-	4.9249999999999998	1.203261314285714
F-	4.9749999999999996	1.1413800238095235
F-	5.0250000000000004	1.0735677714285712
F-	5.0750000000000002	1.0132612666666665
F-	5.125	0.96164575714285705
F-	5.1749999999999998	0.91618430952380936
F-	5.2249999999999996	0.8726512999999998
F-	5.2750000000000004	0.8396677476190475
F-	5.3250000000000002	0.81117365714285716
F-	5.375	0.79031368095238075
F-	5.4249999999999998	0.78363669047619033
F-	5.4749999999999996	0.77584395238095216
F-	5.5250000000000004	0.77758030952380941
F-	5.5750000000000002	0.78490978095238095
F-	5.625	0.79804197142857136
F-	5.6749999999999998	0.81107014761904761
F-	5.7249999999999996	0.82871804761904755
F-	5.7750000000000004	0.84643958571428557
F-	5.8250000000000002	0.86242638095238089
F-	5.875	0.87959578095238089
F-	5.9249999999999998	0.89798997619047605
F-	5.9749999999999996	0.91894059523809501
F-	6.0250000000000004	0.94127721428571443
F-	6.0750000000000002	0.96451859999999989
F-	6.125	0.98593011904761907
F-	6.1749999999999998	1.0065379047619047
F-	6.2249999999999996	1.0261348761904761
F-	6.2750000000000004	1.0486888047619047
F-	6.3250000000000002	1.0655170190476189
F-	6.375	1.0846305999999999
F-	6.4249999999999998	1.0987226571428568
F-	6.4749999999999996	1.1067169523809521
F-	6.5250000000000004	1.1196272857142855
F-	6.5750000000000002	1.1328131904761904
F-	6.625	1.1394941904761906
F-	6.6749999999999998	1.1426569999999998
F-	6.7249999999999996	1.1359962857142856
F-	6.7750000000000004	1.1240868095238097
F-	6.8250000000000002	1.1180554761904762
F-	6.875	1.1130585238095236
F-	6.9249999999999998	1.1026555714285711
F-	6.9749999999999996	1.0884180095238094
F-	7.0250000000000004	1.0721669666666664
Cl-	2.0249999999999999	0
Cl-	2.0750000000000002	0
Cl-	2.125	0
Cl-	2.1749999999999998	0
Cl-	2.2250000000000001	0
Cl-	2.2749999999999999	0
Cl-	2.3250000000000002	0
Cl-	2.375	0
Cl-	2.4249999999999998	0
Cl-	2.4750000000000001	0
Cl-	2.5249999999999999	0
Cl-	2.5750000000000002	-0.00018145599999999979
Cl-	2.625	-0.00071934761904761781
Cl-	2.6749999999999998	-0.003371131714285709
Cl-	2.7250000000000001	-0.0086902943809523594
Cl-	2.7749999999999999	0.0023222772380952772
Cl-	2.8250000000000002	0.057528145047619092
Cl-	2.875	0.22445114238095237
Cl-	2.9249999999999998	0.55560473552380962
Cl-	2.9750000000000001	1.0499918838095237
Cl-	3.0249999999999999	1.6651105952380951
Cl-	3.0750000000000002	2.2520549619047623
Cl-	3.125	2.6825599809523801
Cl-	3.1749999999999998	2.888225857142857
Cl-	3.2250000000000001	2.8485367142857134
Cl-	3.2749999999999999	2.6379977619047619
Cl-	3.3250000000000002	2.3545242857142856
Cl-	3.375	2.033384428571428
Cl-	3.4249999999999998	1.7448089999999998
Cl-	3.4750000000000001	1.4961935047619046
Cl-	3.5249999999999999	1.2844484571428569
Cl-	3.5750000000000002	1.1335315761904758
Cl-	3.625	1.0290545
Cl-	3.6749999999999998	0.95973131904761899
Cl-	3.7250000000000001	0.91578893333333311
Cl-	3.7749999999999999	0.87441111428571416
Cl-	3.8250000000000002	0.83723289523809519
Cl-	3.875	0.80964468095238074
Cl-	3.9249999999999998	0.79686228095238087
Cl-	3.9750000000000001	0.79409233333333318
Cl-	4.0250000000000004	0.79719999047619039
Cl-	4.0750000000000002	0.798524780952381
Cl-	4.125	0.80769346666666653
Cl-	4.1749999999999998	0.81801090476190463
Cl-	4.2249999999999996	0.83363391904761885
Cl-	4.2750000000000004	0.85176218571428552
Cl-	4.3250000000000002	0.87223893333333324
Cl-	4.375	0.88442054761904754
Cl-	4.4249999999999998	0.90742195714285712
Cl-	4.4749999999999996	0.93145952857142855
Cl-	4.5250000000000004	0.95178737142857128
Cl-	4.5750000000000002	0.97072803333333324
Cl-	4.625	0.99305856190476183
Cl-	4.6749999999999998	1.0048573142857142
Cl-	4.7249999999999996	1.0267059476190474
Cl-	4.7750000000000004	1.0445776857142854
Cl-	4.8250000000000002	1.0571605142857143
Cl-	4.875	1.0743902285714286
Cl-	4.9249999999999998	1.0940518142857141
Cl-	4.9749999999999996	1.0975143999999999
Cl-	5.0250000000000004	1.1019564142857139
Cl-	5.0750000000000002	1.0969473904761902
Cl-	5.125	1.0954428095238093
Cl-	5.1749999999999998	1.0957526190476188
Cl-	5.2249999999999996	1.0936063809523808
Cl-	5.2750000000000004	1.0849045904761903
Cl-	5.3250000000000002	1.0747613190476188
Cl-	5.375	1.0618099285714284
Cl-	5.4249999999999998	1.0539902809523809
Cl-	5.4749999999999996	1.0337523476190476
Cl-	5.5250000000000004	1.0154808761904763
Cl-	5.5750000000000002	0.99283760952380939
Cl-	5.625	0.97164719047619041
Cl-	5.6749999999999998	0.95466044761904734
Cl-	5.7249999999999996	0.95006700476190453
Cl-	5.7750000000000004	0.94381140952380926
Cl-	5.8250000000000002	0.93417639999999991
Cl-	5.875	0.92295032380952369
Cl-	5.9249999999999998	0.91934898095238071
Cl-	5.9749999999999996	0.9155370380952379
Cl-	6.0250000000000004	0.9172230714285714
Cl-	6.0750000000000002	0.9193852238095237
Cl-	6.125	0.91980799047619044
Cl-	6.1749999999999998	0.92505707142857119
Cl-	6.2249999999999996	0.93609245238095218
Cl-	6.2750000000000004	0.93772887142857098
Cl-	6.3250000000000002	0.94419624285714254
Cl-	6.375	0.95373258571428532
Cl-	6.4249999999999998	0.96138501428571388
Cl-	6.4749999999999996	0.96963505714285669
Cl-	6.5250000000000004	0.98235557619047598
Cl-	6.5750000000000002	0.98867261428571418
Cl-	6.625	0.99926472857142856
Cl-	6.6749999999999998	1.010301180952381
Cl-	6.7249999999999996	1.0110032619047615
Cl-	6.7750000000000004	1.0141340857142853
Cl-	6.8250000000000002	1.027307995238095
Cl-	6.875	1.0417273238095235
Cl-	6.9249999999999998	1.0511940142857137
Cl-	6.9749999999999996	1.0585358571428567
Cl-	7.0250000000000004	1.0612106190476187
Br-	2.0249999999999999	0
Br-	2.0750000000000002	0
Br-	2.125	0
Br-	2.1749999999999998	0
Br-	2.2250000000000001	0
Br-	2.2749999999999999	0
Br-	2.3250000000000002	0
Br-	2.375	0
Br-	2.4249999999999998	0
Br-	2.4750000000000001	0
Br-	2.5249999999999999	0
Br-	2.5750000000000002	0
Br-	2.625	0
Br-	2.6749999999999998	0
Br-	2.7250000000000001	-0.00016363304761904743
Br-	2.7749999999999999	-0.00046594157142857068
Br-	2.8250000000000002	-0.0026954389047619
Br-	2.875	-0.0038461556666666563
Br-	2.9249999999999998	0.00016752004761907274
Br-	2.9750000000000001	0.038606926809523864
Br-	3.0249999999999999	0.14696765033333337
Br-	3.0750000000000002	0.38956676790476186
Br-	3.125	0.77766961952380953
Br-	3.1749999999999998	1.2590304180952379
Br-	3.2250000000000001	1.759303795238095
Br-	3.2749999999999999	2.1857524476190471
Br-	3.3250000000000002	2.4463182857142853
Br-	3.375	2.5453283809523799
Br-	3.4249999999999998	2.4847024285714281
Br-	3.4750000000000001	2.3058311904761899
Br-	3.5249999999999999	2.0805438571428567
Br-	3.5750000000000002	1.8558191428571429
Br-	3.625	1.6378848095238094
Br-	3.6749999999999998	1.4538202095238093
Br-	3.7250000000000001	1.2984705523809521
Br-	3.7749999999999999	1.1807938047619044
Br-	3.8250000000000002	1.0886166523809524
Br-	3.875	1.0226485333333333
Br-	3.9249999999999998	0.97054899999999988
Br-	3.9750000000000001	0.93110411904761881
Br-	4.0250000000000004	0.90654487619047608
Br-	4.0750000000000002	0.89191076190476171
Br-	4.125	0.88016774761904737
Br-	4.1749999999999998	0.87373409523809498
Br-	4.2249999999999996	0.87569769047619017
Br-	4.2750000000000004	0.88296326190476182
Br-	4.3250000000000002	0.89419915714285703
Br-	4.375	0.90547684285714269
Br-	4.4249999999999998	0.91860345714285696
Br-	4.4749999999999996	0.9317491809523808
Br-	4.5250000000000004	0.94662095238095223
Br-	4.5750000000000002	0.96154583809523808
Br-	4.625	0.97663107142857142
Br-	4.6749999999999998	0.98896261428571419
Br-	4.7249999999999996	0.9978622285714287
Br-	4.7750000000000004	1.0114481285714285
Br-	4.8250000000000002	1.0240040952380951
Br-	4.875	1.0340988571428569
Br-	4.9249999999999998	1.0420987142857141
Br-	4.9749999999999996	1.0416693238095236
Br-	5.0250000000000004	1.0389193333333333
Br-	5.0750000000000002	1.0415608095238094
Br-	5.125	1.0476922285714283
Br-	5.1749999999999998	1.0519427666666665
Br-	5.2249999999999996	1.0526174333333331
Br-	5.2750000000000004	1.0477798428571428
Br-	5.3250000000000002	1.0378803523809523
Br-	5.375	1.0313524714285713
Br-	5.4249999999999998	1.027585019047619
Br-	5.4749999999999996	1.0217093809523807
Br-	5.5250000000000004	1.0124517047619046
Br-	5.5750000000000002	1.0054425857142855
Br-	5.625	0.99352970952380915
Br-	5.6749999999999998	0.98722391904761897
Br-	5.7249999999999996	0.97791146666666651
Br-	5.7750000000000004	0.96851419047619036
Br-	5.8250000000000002	0.95566903333333308
Br-	5.875	0.95117818095238071
Br-	5.9249999999999998	0.94491670952380924
Br-	5.9749999999999996	0.94010556666666645
Br-	6.0250000000000004	0.93138351904761885
Br-	6.0750000000000002	0.92197779999999963
Br-	6.125	0.91177106190476176
Br-	6.1749999999999998	0.91496438095238097
Br-	6.2249999999999996	0.91828844285714284
Br-	6.2750000000000004	0.92663297142857126
Br-	6.3250000000000002	0.93386365238095226
Br-	6.375	0.94388454761904728
Br-	6.4249999999999998	0.94860619999999973
Br-	6.4749999999999996	0.95766089047619019
Br-	6.5250000000000004	0.96410437142857108
Br-	6.5750000000000002	0.96917176190476162
Br-	6.625	0.97459636666666627
Br-	6.6749999999999998	0.9878398142857141
Br-	6.7249999999999996	0.99672592380952374
Br-	6.7750000000000004	1.0088419666666664
Br-	6.8250000000000002	1.0235967142857141
Br-	6.875	1.0363549380952379
Br-	6.9249999999999998	1.0465747476190475
Br-	6.9749999999999996	1.0546394476190477
Br-	7.0250000000000004	1.0568206380952381
I-	2.0249999999999999	0
I-	2.0750000000000002	0
I-	2.125	0
I-	2.1749999999999998	0
I-	2.2250000000000001	0
I-	2.2749999999999999	0
I-	2.3250000000000002	0
I-	2.375	0
I-	2.4249999999999998	0
I-	2.4750000000000001	0
I-	2.5249999999999999	0
I-	2.5750000000000002	0
I-	2.625	0
I-	2.6749999999999998	0
I-	2.7250000000000001	0
I-	2.7749999999999999	0
I-	2.8250000000000002	0
I-	2.875	0
I-	2.9249999999999998	-0.00014348352380952361
I-	2.9750000000000001	-0.00061834919047618953
I-	3.0249999999999999	-0.00083149342857142703
I-	3.0750000000000002	-0.0025773361428571354
I-	3.125	0.0049639726666666842
I-	3.1749999999999998	0.027787659666666686
I-	3.2250000000000001	0.091401996285714285
I-	3.2749999999999999	0.22179888695238095
I-	3.3250000000000002	0.45381723619047626
I-	3.375	0.77775100857142865
I-	3.4249999999999998	1.1729700285714288
I-	3.4750000000000001	1.565332038095238
I-	3.5249999999999999	1.8947949619047617
I-	3.5750000000000002	2.0975684285714284
I-	3.625	2.1892068095238093
I-	3.6749999999999998	2.1773380476190471
I-	3.7250000000000001	2.0986637619047617
I-	3.7749999999999999	1.9719125238095236
I-	3.8250000000000002	1.8264431904761902
I-	3.875	1.6741955238095234
I-	3.9249999999999998	1.5403174285714283
I-	3.9750000000000001	1.4182727619047617
I-	4.0250000000000004	1.3199335714285714
I-	4.0750000000000002	1.2401858095238094
I-	4.125	1.1803802857142858
I-	4.1749999999999998	1.1419741333333333
I-	4.2249999999999996	1.109911457142857
I-	4.2750000000000004	1.0744037428571425
I-	4.3250000000000002	1.0419818190476189
I-	4.375	1.0242317523809521
I-	4.4249999999999998	1.0078266
I-	4.4749999999999996	0.99550574285714288
I-	4.5250000000000004	0.98025114285714277
I-	4.5750000000000002	0.9688692904761903
I-	4.625	0.95911358095238086
I-	4.6749999999999998	0.96736838571428552
I-	4.7249999999999996	0.97469974285714267
I-	4.7750000000000004	0.98273923333333313
I-	4.8250000000000002	0.97559225714285702
I-	4.875	0.97101806666666657
I-	4.9249999999999998	0.96279681904761882
I-	4.9749999999999996	0.96032475714285692
I-	5.0250000000000004	0.96250200476190484
I-	5.0750000000000002	0.96440585238095244
I-	5.125	0.95988937142857145
I-	5.1749999999999998	0.9653601285714285
I-	5.2249999999999996	0.96504624761904789
I-	5.2750000000000004	0.96936993809523808
I-	5.3250000000000002	0.9733186142857142
I-	5.375	0.97424707619047635
I-	5.4249999999999998	0.97278280476190482
I-	5.4749999999999996	0.97156332857142835
I-	5.5250000000000004	0.9720392333333332
I-	5.5750000000000002	0.97016724285714273
I-	5.625	0.96791486666666637
I-	5.6749999999999998	0.96523208571428554
I-	5.7249999999999996	0.96993546190476176
I-	5.7750000000000004	0.96966199523809504
I-	5.8250000000000002	0.97851365714285699
I-	5.875	0.97648011428571402
I-	5.9249999999999998	0.97073290476190455
I-	5.9749999999999996	0.9633096333333333
I-	6.0250000000000004	0.96122790952380932
I-	6.0750000000000002	0.95528330476190459
I-	6.125	0.95470901904761907
I-	6.1749999999999998	0.95316986666666659
I-	6.2249999999999996	0.95343019523809525
I-	6.2750000000000004	0.95825732380952366
I-	6.3250000000000002	0.96317843333333319
I-	6.375	0.96417464761904736
I-	6.4249999999999998	0.96415101428571426
I-	6.4749999999999996	0.96561238095238078
I-	6.5250000000000004	0.96792629047619039
I-	6.5750000000000002	0.97403478571428548
I-	6.625	0.97834149999999975
I-	6.6749999999999998	0.97989677619047599
I-	6.7249999999999996	0.98566308095238064
I-	6.7750000000000004	0.99721409523809523
I-	6.8250000000000002	1.0096391857142855
I-	6.875	1.0223004571428571
I-	6.9249999999999998	1.0299386761904763
I-	6.9749999999999996	1.0298192190476192
I-	7.0250000000000004	1.032602219047619
Li+	1.4750000000000001	-0.00011904761904761894
Li+	1.5249999999999999	-0.0047514945812807867
Li+	1.575	-0.031125495402298833
Li+	1.625	-0.10418181674876835
Li+	1.675	-0.069051392939244782
Li+	1.7250000000000001	0.62341648210180567
Li+	1.7749999999999999	2.3935297722495883
Li+	1.825	5.0668461950738903
Li+	1.875	7.6505619178981918
Li+	1.925	9.0445487192118197
Li+	1.9750000000000001	8.557826239737274
Li+	2.0249999999999999	6.71816500821018
Li+	2.0750000000000002	4.4861965878489336
Li+	2.125	2.6552343678160928
Li+	2.1749999999999998	1.4293172285714293
Li+	2.2250000000000001	0.78090951691297239
Li+	2.2749999999999999	0.40426453448275879
Li+	2.3250000000000002	0.22200464827586208
Li+	2.375	0.1385611786535304
Li+	2.4249999999999998	0.096179194088669956
Li+	2.4750000000000001	0.067953348932676544
Li+	2.5249999999999999	0.053686037766830882
Li+	2.5750000000000002	0.042010755829228245
Li+	2.625	0.034053240229885061
Li+	2.6749999999999998	0.030166261576354676
Li+	2.7250000000000001	0.029111666995073889
Li+	2.7749999999999999	0.029793955993431851
Li+	2.8250000000000002	0.033812067980295554
Li+	2.875	0.03835761100164202
Li+	2.9249999999999998	0.047250736945812791
Li+	2.9750000000000001	0.057987346633825924
Li+	3.0249999999999999	0.074602669786535292
Li+	3.0750000000000002	0.092339920525451563
Li+	3.125	0.11666584614121508
Li+	3.1749999999999998	0.14474407520525451
Li+	3.2250000000000001	0.18966532577996714
Li+	3.2749999999999999	0.24503677093596049
Li+	3.3250000000000002	0.3046921060755336
Li+	3.375	0.37433460065681445
Li+	3.4249999999999998	0.45092987520525457
Li+	3.4750000000000001	0.54365283251231522
Li+	3.5249999999999999	0.66108969129720851
Li+	3.5750000000000002	0.79425057799671595
Li+	3.625	0.92045989162561559
Li+	3.6749999999999998	1.0526829835796387
Li+	3.7250000000000001	1.1892945615763546
Li+	3.7749999999999999	1.3230973201970444
Li+	3.8250000000000002	1.4624502331691298
Li+	3.875	1.5861913136289001
Li+	3.9249999999999998	1.6916575369458129
Li+	3.9750000000000001	1.776876108374384
Li+	4.0250000000000004	1.8401918719211818
Li+	4.0750000000000002	1.857837553366174
Li+	4.125	1.8452943185550081
Li+	4.1749999999999998	1.7892219047619049
Li+	4.2249999999999996	1.7278552052545157
Li+	4.2750000000000004	1.6547700821018063
Li+	4.3250000000000002	1.5708370443349753
Li+	4.375	1.474867287356322
Li+	4.4249999999999998	1.3694420180623972
Li+	4.4749999999999996	1.253775536945813
Li+	4.5250000000000004	1.1472605845648605
Li+	4.5750000000000002	1.0596254220032841
Li+	4.625	0.98725898686371072
Li+	4.6749999999999998	0.91962379802955652
Li+	4.7249999999999996	0.87043077832512317
Li+	4.7750000000000004	0.83024610837438428
Li+	4.8250000000000002	0.79784970114942533
Li+	4.875	0.78361319211822678
Li+	4.9249999999999998	0.77889560755336618
Li+	4.9749999999999996	0.76755367323481127
Li+	5.0250000000000004	0.75691599014778321
Li+	5.0750000000000002	0.75317334646962208
Li+	5.125	0.75340238095238077
Li+	5.1749999999999998	0.76021476518883402
Li+	5.2249999999999996	0.77055266174055825
Li+	5.2750000000000004	0.78386245155993439
Li+	5.3250000000000002	0.79374943678160925
Li+	5.375	0.8121983464696223
Li+	5.4249999999999998	0.82980405090311993
Li+	5.4749999999999996	0.84776205911330049
Li+	5.5250000000000004	0.8615423973727423
Li+	5.5750000000000002	0.88417017077175697
Li+	5.625	0.90664032183908028
Li+	5.6749999999999998	0.93571004433497529
Li+	5.7249999999999996	0.96162813957307069
Li+	5.7750000000000004	0.98650397208538598
Li+	5.8250000000000002	1.0087728637110018
Li+	5.875	1.0327739852216751
Li+	5.9249999999999998	1.0517975172413792
Li+	5.9749999999999996	1.0668108177339899
Li+	6.0250000000000004	1.0777162446633823
Li+	6.0750000000000002	1.0858981133004924
Li+	6.125	1.0859307684729065
Li+	6.1749999999999998	1.0905398472906402
Li+	6.2249999999999996	1.0959451773399014
Li+	6.2750000000000004	1.0903627175697865
Li+	6.3250000000000002	1.0874894794745484
Li+	6.375	1.0848120574712641
Li+	6.4249999999999998	1.0771272988505749
Li+	6.4749999999999996	1.0734183366174057
Li+	6.5250000000000004	1.0637852380952384
Li+	6.5750000000000002	1.0479477274220033
Li+	6.625	1.0321681559934319
Li+	6.6749999999999998	1.0201646863711002
Li+	6.7249999999999996	1.0098156781609193
Li+	6.7750000000000004	0.99740426108374391
Li+	6.8250000000000002	0.9829878719211822
Li+	6.875	0.97246540065681453
Li+	6.9249999999999998	0.9646082331691298
Li+	6.9749999999999996	0.95825993103448281
Na+	1.4750000000000001	0
Na+	1.5249999999999999	0
Na+	1.575	0
Na+	1.625	0
Na+	1.675	0
Na+	1.7250000000000001	0
Na+	1.7749999999999999	0
Na+	1.825	-7.9909688013136219e-05
Na+	1.875	-0.0032246845648604243
Na+	1.925	-0.013348594745484391
Na+	1.9750000000000001	-0.032876809688013132
Na+	2.0249999999999999	-0.01252203152709358
Na+	2.0750000000000002	0.21372797126436766
Na+	2.125	0.90697843678160828
Na+	2.1749999999999998	2.1221026532019698
Na+	2.2250000000000001	3.6567098558292268
Na+	2.2749999999999999	5.1062100689655159
Na+	2.3250000000000002	6.0190707717569785
Na+	2.375	6.1395350574712637
Na+	2.4249999999999998	5.5996352052545157
Na+	2.4750000000000001	4.6359804105090312
Na+	2.5249999999999999	3.5757175862068973
Na+	2.5750000000000002	2.6263548735632187
Na+	2.625	1.8814883776683093
Na+	2.6749999999999998	1.3179805714285715
Na+	2.7250000000000001	0.91735186535303781
Na+	2.7749999999999999	0.62808380295566502
Na+	2.8250000000000002	0.45246000328407227
Na+	2.875	0.32722081740558301
Na+	2.9249999999999998	0.24621356141215112
Na+	2.9750000000000001	0.19292467159277502
Na+	3.0249999999999999	0.16892384729064036
Na+	3.0750000000000002	0.15067926174055826
Na+	3.125	0.14176971789819379
Na+	3.1749999999999998	0.13514057389162562
Na+	3.2250000000000001	0.13757132627257801
Na+	3.2749999999999999	0.1473829449917898
Na+	3.3250000000000002	0.16367386075533663
Na+	3.375	0.18303782216748768
Na+	3.4249999999999998	0.20966443809523805
Na+	3.4750000000000001	0.24478554909688011
Na+	3.5249999999999999	0.28685976354679793
Na+	3.5750000000000002	0.33648116091954017
Na+	3.625	0.38638950410509021
Na+	3.6749999999999998	0.4490774055829227
Na+	3.7250000000000001	0.51371399178981925
Na+	3.7749999999999999	0.58705131362889973
Na+	3.8250000000000002	0.66901900821018045
Na+	3.875	0.75425868308702793
Na+	3.9249999999999998	0.84090351724137946
Na+	3.9750000000000001	0.93006276683087019
Na+	4.0250000000000004	1.0194473563218391
Na+	4.0750000000000002	1.1127914105090311
Na+	4.125	1.1985126732348113
Na+	4.1749999999999998	1.278983144499179
Na+	4.2249999999999996	1.3456372610837437
Na+	4.2750000000000004	1.3887647290640392
Na+	4.3250000000000002	1.4262634811165842
Na+	4.375	1.4549973891625614
Na+	4.4249999999999998	1.4781242692939243
Na+	4.4749999999999996	1.4969003119868636
Na+	4.5250000000000004	1.4966117569786535
Na+	4.5750000000000002	1.4794420853858783
Na+	4.625	1.4514306075533661
Na+	4.6749999999999998	1.4115747290640395
Na+	4.7249999999999996	1.3712518555008211
Na+	4.7750000000000004	1.3307094909688011
Na+	4.8250000000000002	1.2770116814449919
Na+	4.875	1.2232686666666666
Na+	4.9249999999999998	1.1659212725779968
Na+	4.9749999999999996	1.1023937093596061
Na+	5.0250000000000004	1.0491905878489327
Na+	5.0750000000000002	1.0022334761904761
Na+	5.125	0.96377982594417066
Na+	5.1749999999999998	0.93388871592775047
Na+	5.2249999999999996	0.91028861904761915
Na+	5.2750000000000004	0.89020025287356319
Na+	5.3250000000000002	0.88148366502463049
Na+	5.375	0.86822391461412141
Na+	5.4249999999999998	0.86175583908045961
Na+	5.4749999999999996	0.86066915270935962
Na+	5.5250000000000004	0.86318484236453197
Na+	5.5750000000000002	0.87446507060755341
Na+	5.625	0.89151368472906389
Na+	5.6749999999999998	0.90444652216748755
Na+	5.7249999999999996	0.91419357471264351
Na+	5.7750000000000004	0.92339129556650235
Na+	5.8250000000000002	0.9320303858784893
Na+	5.875	0.93893019704433511
Na+	5.9249999999999998	0.95549709852216747
Na+	5.9749999999999996	0.96470804269293919
Na+	6.0250000000000004	0.98081128899835779
Na+	6.0750000000000002	0.99291444827586195
Na+	6.125	1.0006496288998359
Na+	6.1749999999999998	1.0022354154351396
Na+	6.2249999999999996	1.014285422003284
Na+	6.2750000000000004	1.0195301527093594
Na+	6.3250000000000002	1.0330715451559933
Na+	6.375	1.0388809326765189
Na+	6.4249999999999998	1.0397692380952384
Na+	6.4749999999999996	1.040166802955665
Na+	6.5250000000000004	1.0450050016420362
Na+	6.5750000000000002	1.0418134269293924
Na+	6.625	1.0388831001642038
Na+	6.6749999999999998	1.031978881773399
Na+	6.7249999999999996	1.0267000985221675
Na+	6.7750000000000004	1.0255385878489325
Na+	6.8250000000000002	1.0223990853858784
Na+	6.875	1.0144317586206895
Na+	6.9249999999999998	1.0098029885057471
Na+	6.9749999999999996	1.0021766042692941
K+	1.4750000000000001	0
K+	1.5249999999999999	0
K+	1.575	0
K+	1.625	0
K+	1.675	0
K+	1.7250000000000001	0
K+	1.7749999999999999	0
K+	1.825	0
K+	1.875	0
K+	1.925	0
K+	1.9750000000000001	0
K+	2.0249999999999999	0
K+	2.0750000000000002	0
K+	2.125	-6.0551724137930985e-05
K+	2.1749999999999998	-0.00089475369458127984
K+	2.2250000000000001	-0.0016180146141215115
K+	2.2749999999999999	-0.0082218047619047521
K+	2.3250000000000002	-0.011392757799671589
K+	2.375	0.024316508210180582
K+	2.4249999999999998	0.18790589802955651
K+	2.4750000000000001	0.57627111444991774
K+	2.5249999999999999	1.2302879596059104
K+	2.5750000000000002	2.1047317927750404
K+	2.625	2.9746459885057468
K+	2.6749999999999998	3.6535688144499181
K+	2.7250000000000001	3.9786581444991787
K+	2.7749999999999999	3.9069541707717574
K+	2.8250000000000002	3.5531129885057471
K+	2.875	3.0751721018062397
K+	2.9249999999999998	2.5504356978653528
K+	2.9750000000000001	2.0944880788177338
K+	3.0249999999999999	1.6958117027914614
K+	3.0750000000000002	1.3604981215106731
K+	3.125	1.1013233530377669
K+	3.1749999999999998	0.90964163546798038
K+	3.2250000000000001	0.77081389490968788
K+	3.2749999999999999	0.67580638259441705
K+	3.3250000000000002	0.60176388834154337
K+	3.375	0.56523558949096886
K+	3.4249999999999998	0.5364599704433497
K+	3.4750000000000001	0.51700392282430219
K+	3.5249999999999999	0.50881628243021348
K+	3.5750000000000002	0.50564019047619058
K+	3.625	0.50458313957307066
K+	3.6749999999999998	0.52065411001642037
K+	3.7250000000000001	0.54479771592775039
K+	3.7749999999999999	0.56884458456486053
K+	3.8250000000000002	0.61153256978653536
K+	3.875	0.66055576847290642
K+	3.9249999999999998	0.7005260098522168
K+	3.9750000000000001	0.74102262561576349
K+	4.0250000000000004	0.78296633497536927
K+	4.0750000000000002	0.81607716912972084
K+	4.125	0.85055478325123146
K+	4.1749999999999998	0.88611208866995073
K+	4.2249999999999996	0.91119093103448268
K+	4.2750000000000004	0.93088455336617393
K+	4.3250000000000002	0.9551324679802955
K+	4.375	0.98420271592775044
K+	4.4249999999999998	1.0140271264367817
K+	4.4749999999999996	1.0443005057471264
K+	4.5250000000000004	1.064296922824302
K+	4.5750000000000002	1.082969894909688
K+	4.625	1.1090416239737273
K+	4.6749999999999998	1.1348573399014779
K+	4.7249999999999996	1.1629688653530379
K+	4.7750000000000004	1.1858826683087029
K+	4.8250000000000002	1.1964788193760263
K+	4.875	1.1967590804597699
K+	4.9249999999999998	1.1984261379310346
K+	4.9749999999999996	1.1859858456486045
K+	5.0250000000000004	1.167210776683087
K+	5.0750000000000002	1.1495214548440067
K+	5.125	1.1371965960591133
K+	5.1749999999999998	1.1157870032840722
K+	5.2249999999999996	1.0967214285714284
K+	5.2750000000000004	1.0728113054187192
K+	5.3250000000000002	1.0447172479474551
K+	5.375	1.0161236075533664
K+	5.4249999999999998	0.99672185385878509
K+	5.4749999999999996	0.97163922660098523
K+	5.5250000000000004	0.9494191477832512
K+	5.5750000000000002	0.93508226929392424
K+	5.625	0.9258099261083742
K+	5.6749999999999998	0.91746887848932657
K+	5.7249999999999996	0.91258599671592755
K+	5.7750000000000004	0.91214322003284065
K+	5.8250000000000002	0.91930025779967151
K+	5.875	0.92352298357963858
K+	5.9249999999999998	0.92535044006568112
K+	5.9749999999999996	0.92919562889983565
K+	6.0250000000000004	0.93440683908045985
K+	6.0750000000000002	0.94871675041050907
K+	6.125	0.96690960262725789
K+	6.1749999999999998	0.98399774055829226
K+	6.2249999999999996	0.992806303776683
K+	6.2750000000000004	1.0034485057471265
K+	6.3250000000000002	1.0154377224958948
K+	6.375	1.0296764827586204
K+	6.4249999999999998	1.0415760492610837
K+	6.4749999999999996	1.0493021888341545
K+	6.5250000000000004	1.0454891954022989
K+	6.5750000000000002	1.0504368128078818
K+	6.625	1.0582076929392448
K+	6.6749999999999998	1.0594388472906404
K+	6.7249999999999996	1.0580742840722497
K+	6.7750000000000004	1.0524662676518886
K+	6.8250000000000002	1.0436162019704431
K+	6.875	1.0455065287356322
K+	6.9249999999999998	1.0507891806239735
K+	6.9749999999999996	1.0472430049261081
Rb+	1.4750000000000001	0
Rb+	1.5249999999999999	0
Rb+	1.575	0
Rb+	1.625	0
Rb+	1.675	0
Rb+	1.7250000000000001	0
Rb+	1.7749999999999999	0
Rb+	1.825	0
Rb+	1.875	0
Rb+	1.925	0
Rb+	1.9750000000000001	0
Rb+	2.0249999999999999	0
Rb+	2.0750000000000002	0
Rb+	2.125	0
Rb+	2.1749999999999998	0
Rb+	2.2250000000000001	0
Rb+	2.2749999999999999	-0.0002127303776683085
Rb+	2.3250000000000002	-0.0003956814449917894
Rb+	2.375	-0.0016252870279146129
Rb+	2.4249999999999998	-0.0076256405582922852
Rb+	2.4750000000000001	-0.009962194417077179
Rb+	2.5249999999999999	0.036651471756978637
Rb+	2.5750000000000002	0.18126688177339903
Rb+	2.625	0.500861333825944
Rb+	2.6749999999999998	1.0344726584564856
Rb+	2.7250000000000001	1.7446045467980291
Rb+	2.7749999999999999	2.4882541724137925
Rb+	2.8250000000000002	3.0708584827586205
Rb+	2.875	3.4166217898193763
Rb+	2.9249999999999998	3.4797061083743843
Rb+	2.9750000000000001	3.315741904761905
Rb+	3.0249999999999999	2.994361937602628
Rb+	3.0750000000000002	2.6187400985221676
Rb+	3.125	2.2074551559934319
Rb+	3.1749999999999998	1.8501292709359602
Rb+	3.2250000000000001	1.5410950328407225
Rb+	3.2749999999999999	1.3007225862068967
Rb+	3.3250000000000002	1.0977657274220032
Rb+	3.375	0.96046493103448283
Rb+	3.4249999999999998	0.85357305254515581
Rb+	3.4750000000000001	0.76125262068965516
Rb+	3.5249999999999999	0.68997273563218386
Rb+	3.5750000000000002	0.64454555172413808
Rb+	3.625	0.61761733990147794
Rb+	3.6749999999999998	0.61116118062397373
Rb+	3.7250000000000001	0.60636783415435147
Rb+	3.7749999999999999	0.60839947290640395
Rb+	3.8250000000000002	0.61861713957307063
Rb+	3.875	0.63103896223316913
Rb+	3.9249999999999998	0.65114869293924471
Rb+	3.9750000000000001	0.67802314285714282
Rb+	4.0250000000000004	0.70713960755336625
Rb+	4.0750000000000002	0.74223002627257795
Rb+	4.125	0.77559264203612466
Rb+	4.1749999999999998	0.7953708177339901
Rb+	4.2249999999999996	0.81869737931034481
Rb+	4.2750000000000004	0.83981520032840717
Rb+	4.3250000000000002	0.87253317405582931
Rb+	4.375	0.91013352545156001
Rb+	4.4249999999999998	0.93977589490968805
Rb+	4.4749999999999996	0.96126571100164182
Rb+	4.5250000000000004	0.98893120197044326
Rb+	4.5750000000000002	1.0089731083743843
Rb+	4.625	1.0328718357963875
Rb+	4.6749999999999998	1.0561801954022991
Rb+	4.7249999999999996	1.0660473201970444
Rb+	4.7750000000000004	1.0890842627257802
Rb+	4.8250000000000002	1.1113339064039411
Rb+	4.875	1.134235159277504
Rb+	4.9249999999999998	1.1416813464696223
Rb+	4.9749999999999996	1.1488167733990147
Rb+	5.0250000000000004	1.1498576650246302
Rb+	5.0750000000000002	1.156877346469622
Rb+	5.125	1.1506135779967159
Rb+	5.1749999999999998	1.1514170410509033
Rb+	5.2249999999999996	1.1341267011494254
Rb+	5.2750000000000004	1.1142028275862073
Rb+	5.3250000000000002	1.0951687159277503
Rb+	5.375	1.0737306026272577
Rb+	5.4249999999999998	1.0497967044334975
Rb+	5.4749999999999996	1.0289846748768472
Rb+	5.5250000000000004	1.0124824778325121
Rb+	5.5750000000000002	1.0015770229885059
Rb+	5.625	0.99274687027914632
Rb+	5.6749999999999998	0.97893814778325139
Rb+	5.7249999999999996	0.96229906732348125
Rb+	5.7750000000000004	0.94740765024630536
Rb+	5.8250000000000002	0.94023855336617401
Rb+	5.875	0.93969941050903116
Rb+	5.9249999999999998	0.94177651067323476
Rb+	5.9749999999999996	0.94179171592775046
Rb+	6.0250000000000004	0.93395526765188841
Rb+	6.0750000000000002	0.9384781018062397
Rb+	6.125	0.94317909031198677
Rb+	6.1749999999999998	0.94751490311986863
Rb+	6.2249999999999996	0.95757264367816086
Rb+	6.2750000000000004	0.96612667980295563
Rb+	6.3250000000000002	0.97330182758620676
Rb+	6.375	0.98373661247947464
Rb+	6.4249999999999998	0.9945907520525451
Rb+	6.4749999999999996	1.0084281264367818
Rb+	6.5250000000000004	1.0198072430213463
Rb+	6.5750000000000002	1.0277183678160919
Rb+	6.625	1.0364847356321838
Rb+	6.6749999999999998	1.0379120032840721
Rb+	6.7249999999999996	1.041094643678161
Rb+	6.7750000000000004	1.0510421247947455
Rb+	6.8250000000000002	1.054243105090312
Rb+	6.875	1.0545634515599343
Rb+	6.9249999999999998	1.0519737635467981
Rb+	6.9749999999999996	1.044620302134647
Cs+	1.4750000000000001	0
Cs+	1.5249999999999999	0
Cs+	1.575	0
Cs+	1.625	0
Cs+	1.675	0
Cs+	1.7250000000000001	0
Cs+	1.7749999999999999	0
Cs+	1.825	0
Cs+	1.875	0
Cs+	1.925	0
Cs+	1.9750000000000001	0
Cs+	2.0249999999999999	0
Cs+	2.0750000000000002	0
Cs+	2.125	0
Cs+	2.1749999999999998	0
Cs+	2.2250000000000001	0
Cs+	2.2749999999999999	0
Cs+	2.3250000000000002	0
Cs+	2.375	0
Cs+	2.4249999999999998	-0.00010201763668430327
Cs+	2.4750000000000001	-4.3309347442680829e-05
Cs+	2.5249999999999999	-0.0015736938271604924
Cs+	2.5750000000000002	-0.0030801947089947063
Cs+	2.625	-0.0026347410934744291
Cs+	2.6749999999999998	0.014075520282186935
Cs+	2.7250000000000001	0.081632495943562561
Cs+	2.7749999999999999	0.23482569382716043
Cs+	2.8250000000000002	0.52777529171075799
Cs+	2.875	0.91934222998236292
Cs+	2.9249999999999998	1.3786673104056435
Cs+	2.9750000000000001	1.8186261058201059
Cs+	3.0249999999999999	2.1843703597883599
Cs+	3.0750000000000002	2.410435961199294
Cs+	3.125	2.5062231040564367
Cs+	3.1749999999999998	2.4706086067019397
Cs+	3.2250000000000001	2.348023950617284
Cs+	3.2749999999999999	2.1633270546737218
Cs+	3.3250000000000002	1.971531675485009
Cs+	3.375	1.7773691710758375
Cs+	3.4249999999999998	1.5942705255731917
Cs+	3.4750000000000001	1.4397712574955903
Cs+	3.5249999999999999	1.3027363756613757
Cs+	3.5750000000000002	1.1867408747795416
Cs+	3.625	1.1064316331569664
Cs+	3.6749999999999998	1.0461037231040564
Cs+	3.7250000000000001	1.0009055855379188
Cs+	3.7749999999999999	0.96223918342151671
Cs+	3.8250000000000002	0.93575198589065267
Cs+	3.875	0.91440869312169315
Cs+	3.9249999999999998	0.90702827160493815
Cs+	3.9750000000000001	0.89624935626102287
Cs+	4.0250000000000004	0.89403290828924131
Cs+	4.0750000000000002	0.90091973368606693
Cs+	4.125	0.91185952557319216
Cs+	4.1749999999999998	0.91411194885361535
Cs+	4.2249999999999996	0.91781456966490294
Cs+	4.2750000000000004	0.92070339506172838
Cs+	4.3250000000000002	0.92223953439153417
Cs+	4.375	0.92582749382716045
Cs+	4.4249999999999998	0.9245704514991181
Cs+	4.4749999999999996	0.9273613245149912
Cs+	4.5250000000000004	0.9355968553791888
Cs+	4.5750000000000002	0.94720451499118163
Cs+	4.625	0.9644988148148147
Cs+	4.6749999999999998	0.97121349206349183
Cs+	4.7249999999999996	0.98059887125220435
Cs+	4.7750000000000004	0.99783329805996457
Cs+	4.8250000000000002	1.0085270282186949
Cs+	4.875	1.0155372680776016
Cs+	4.9249999999999998	1.0327554162257495
Cs+	4.9749999999999996	1.0374544179894178
Cs+	5.0250000000000004	1.0410369629629628
Cs+	5.0750000000000002	1.0427758359788359
Cs+	5.125	1.0434190158730159
Cs+	5.1749999999999998	1.044252368606702
Cs+	5.2249999999999996	1.0507382239858907
Cs+	5.2750000000000004	1.0526644497354496
Cs+	5.3250000000000002	1.0506100229276893
Cs+	5.375	1.0442422098765429
Cs+	5.4249999999999998	1.033680098765432
Cs+	5.4749999999999996	1.0194599118165786
Cs+	5.5250000000000004	1.0070267089947091
Cs+	5.5750000000000002	0.99626884479717814
Cs+	5.625	0.99081422927689589
Cs+	5.6749999999999998	0.98521382363315702
Cs+	5.7249999999999996	0.977959578483245
Cs+	5.7750000000000004	0.96965802292768932
Cs+	5.8250000000000002	0.96022915873015868
Cs+	5.875	0.95397107583774254
Cs+	5.9249999999999998	0.95134035978835985
Cs+	5.9749999999999996	0.95393694356261038
Cs+	6.0250000000000004	0.95634003527336831
Cs+	6.0750000000000002	0.95950831569664896
Cs+	6.125	0.95937927336860673
Cs+	6.1749999999999998	0.96574440564373887
Cs+	6.2249999999999996	0.96888975837742497
Cs+	6.2750000000000004	0.97749610582010582
Cs+	6.3250000000000002	0.98695943738977054
Cs+	6.375	0.99390857142857136
Cs+	6.4249999999999998	0.9982578095238096
Cs+	6.4749999999999996	1.0045981534391535
Cs+	6.5250000000000004	1.0004385784832452
Cs+	6.5750000000000002	1.003183024691358
Cs+	6.625	1.0087432592592593
Cs+	6.6749999999999998	1.0140386895943563
Cs+	6.7249999999999996	1.0157511358024689
Cs+	6.7750000000000004	1.022332860670194
Cs+	6.8250000000000002	1.023171222222222
Cs+	6.875	1.0268697001763665
Cs+	6.9249999999999998	1.0324797231040563
Cs+	6.9749999999999996	1.0358137742504407
