ion	method	z_A	energy_kcal_mol	lower_kcal_mol	upper_kcal_mol
F-	MB-nrg	-10.004590487634616	-0.00022083305847586665	-0.29140272602214257	0.29096105990519072
F-	MB-nrg	-9.7545904876346157	0.011805833608190652	-0.24239831754838748	0.26600998476476867
F-	MB-nrg	-9.5045904876346157	0.025052166941524123	-0.19405555921936324	0.24415989310241148
F-	MB-nrg	-9.2545904876346157	0.037138166941524053	-0.14972739155569681	0.22400372543874492
F-	MB-nrg	-9.0045904876346157	0.047153833608190698	-0.10916005710990095	0.20346772432628235
F-	MB-nrg	-8.7545904876346157	0.056372166941524027	-0.068760435930080743	0.1815047698131288
F-	MB-nrg	-8.5045904876346157	0.067345500274857417	-0.023068946226851073	0.15775994677656591
F-	MB-nrg	-8.2545904876346157	0.082261500274857347	0.031932349355488721	0.13259065119422597
F-	MB-nrg	-8.0045904876346157	0.10210150027485732	0.092699630937433719	0.11150336961228091
F-	MB-nrg	-7.7545904876346157	0.12695950027485736	0.090078534888898276	0.16384046566081645
F-	MB-nrg	-7.5045904876346157	0.15666083360819072	0.088392424849305762	0.22492924236707568
F-	MB-nrg	-7.2545904876346157	0.19089916694152398	0.10294857347167519	0.27884976041137277
F-	MB-nrg	-7.0045904876346157	0.22912416694152404	0.12647869182352445	0.33176964205952364
F-	MB-nrg	-6.7545904876346157	0.27103950027485746	0.14767634747416047	0.39440265307555455
F-	MB-nrg	-6.5045904876346157	0.31772016694152405	0.16332684803857733	0.47211348584447077
F-	MB-nrg	-6.2545904876346157	0.37203283360819073	0.17941707081354952	0.56464859640283194
F-	MB-nrg	-6.0045904876346157	0.43747750027485754	0.2031751349718236	0.6717798655778916
F-	MB-nrg	-5.7545904876346157	0.51672616694152407	0.24053160891477832	0.79292072496826982
F-	MB-nrg	-5.5045904876346157	0.61116716694152406	0.29798503735733572	0.9243492965257124
F-	MB-nrg	-5.2545904876346157	0.72150583360819065	0.38316141709825657	1.0598502501181248
F-	MB-nrg	-5.0045904876346157	0.84824283360819075	0.50177616730817587	1.1947094999082055
F-	MB-nrg	-4.7545904876346157	0.99158316694152415	0.65433944913863107	1.3288268847444171
F-	MB-nrg	-4.5045904876346157	1.1513458336081905	0.83616610528223145	1.4665255619341502
F-	MB-nrg	-4.2545904876346157	1.3273695002748571	1.0407687173674458	1.613970283182268
F-	MB-nrg	-4.0045904876346157	1.5200338336081911	1.2630124911828702	1.777055176033512
F-	MB-nrg	-3.7545904876346157	1.7301958336081906	1.5004501755137407	1.9599414917026405
F-	MB-nrg	-3.5045904876346157	1.958312166941524	1.7522821313547623	2.1643422025282857
F-	MB-nrg	-3.2545904876346157	2.2039681669415243	2.0174173391227015	2.3905189947603471
F-	MB-nrg	-3.0045904876346157	2.4660855002748576	2.2946873857043699	2.6374836148453453
F-	MB-nrg	-2.7545904876346157	2.7434875002748575	2.5815110021281309	2.9054639984215842
F-	MB-nrg	-2.5045904876346157	3.0352435002748575	2.8752774381373638	3.1952095624123511
F-	MB-nrg	-2.2545904876346157	3.340610166941524	3.1740683715762361	3.5071519623068119
F-	MB-nrg	-2.0045904876346157	3.6594871669415245	3.4797184115287956	3.8392559223542535
F-	MB-nrg	-1.7545904876346157	3.9924975002748577	3.7972564012047072	4.1877385993450078
F-	MB-nrg	-1.5045904876346157	4.3405465002748569	4.131720257514055	4.5493727430356588
F-	MB-nrg	-1.2545904876346157	4.7049808336081904	4.485303026485786	4.9246586407305948
F-	MB-nrg	-1.0045904876346157	5.0867298336081896	4.8607461595721757	5.3127135076442036
F-	MB-nrg	-0.75459048763461567	5.4863848336081897	5.2613016362562179	5.7114680309601615
F-	MB-nrg	-0.50459048763461567	5.9046735002748569	5.6880775217807775	6.1212694787689363
F-	MB-nrg	-0.25459048763461567	6.3431158336081896	6.1400347554817447	6.5461969117346346
F-	MB-nrg	-0.0045904876346156698	6.8029371669415237	6.6124213878753784	6.9934529460076691
F-	MB-nrg	0.24540951236538433	7.2860375002748574	7.0996207387309065	7.4724542618188083
F-	MB-nrg	0.49540951236538433	7.7938405002748565	7.5993183849311015	7.9883626156186116
F-	MB-nrg	0.74540951236538433	8.3268248336081925	8.116456849572657	8.5371928176437279
F-	MB-nrg	0.99540951236538433	8.8855291669415255	8.6588594044064688	9.1121989294765822
F-	MB-nrg	1.2454095123653843	9.4706768336081915	9.2296709723211823	9.7116826948952006
F-	MB-nrg	1.4954095123653843	10.081017833608193	9.8309774888590749	10.331058178357312
F-	MB-nrg	1.7454095123653843	10.71749083360819	10.462793477721446	10.972188189494934
F-	MB-nrg	1.9954095123653843	11.379258166941526	11.129524691101807	11.628991642781244
F-	MB-nrg	2.2454095123653843	12.065150500274857	11.829861316244241	12.300439684305474
F-	MB-nrg	2.4954095123653843	12.773413500274858	12.562329064106367	12.984497936443349
F-	MB-nrg	2.7454095123653843	13.503233166941524	13.320245048121867	13.68622128576118
F-	MB-nrg	2.9954095123653843	14.254695500274858	14.092083437814477	14.417307562735239
F-	MB-nrg	3.2454095123653843	15.024345500274858	14.872838821629912	15.175852178919804
F-	MB-nrg	3.4954095123653843	15.81343350027486	15.663821341596469	15.96304565895325
F-	MB-nrg	3.7454095123653843	16.621819166941524	16.465017663019591	16.778620670863457
F-	MB-nrg	3.9954095123653843	17.449795833608192	17.283627270073996	17.615964397142388
F-	MB-nrg	4.2454095123653843	18.296301500274854	18.129177334361525	18.463425666188183
Cl-	MB-nrg	-10.004590487634616	-2.031443794570098e-05	-0.26706866589407818	0.26702803701818678
Cl-	MB-nrg	-9.7545904876346157	0.0010860188953875083	-0.24500078339033071	0.24717282118110573
Cl-	MB-nrg	-9.5045904876346157	0.0037210188953876733	-0.22537086274170037	0.23281290053247572
Cl-	MB-nrg	-9.2545904876346157	0.0088470188953876372	-0.20758913475952001	0.22528317255029529
Cl-	MB-nrg	-9.0045904876346157	0.016808352228721013	-0.18888889944163556	0.22250560389907759
Cl-	MB-nrg	-8.7545904876346157	0.027554685562054426	-0.16454945582047764	0.21965882694458649
Cl-	MB-nrg	-8.5045904876346157	0.041041685562054231	-0.13021533441715827	0.21229870554126662
Cl-	MB-nrg	-8.2545904876346157	0.057370685562054269	-0.083724190881048655	0.19846556200515719
Cl-	MB-nrg	-8.0045904876346157	0.076324352228720915	-0.025477300378018541	0.17812600483546026
Cl-	MB-nrg	-7.7545904876346157	0.096609018895387644	0.040264364976832501	0.1529536728139429
Cl-	MB-nrg	-7.5045904876346157	0.11592535222872091	0.089004309669379778	0.14284639478806205
Cl-	MB-nrg	-7.2545904876346157	0.13214401889538752	0.072256836153979265	0.19203120163679577
Cl-	MB-nrg	-7.0045904876346157	0.14473935222872103	0.04681752075151957	0.24266118370592249
Cl-	MB-nrg	-6.7545904876346157	0.15527501889538775	0.030407965471141107	0.28014207231963439
Cl-	MB-nrg	-6.5045904876346157	0.16672735222872115	0.025882156665522627	0.30757254779191978
Cl-	MB-nrg	-6.2545904876346157	0.18221801889538747	0.032469325812552352	0.33196671197822258
Cl-	MB-nrg	-6.0045904876346157	0.20403101889538777	0.047243606191537557	0.36081843159923799
Cl-	MB-nrg	-5.7545904876346157	0.23330501889538757	0.066391858741996046	0.4002181790487791
Cl-	MB-nrg	-5.5045904876346157	0.27000768556205434	0.087416898561202938	0.45259847256290575
Cl-	MB-nrg	-5.2545904876346157	0.31308501889538776	0.11093107407106162	0.51523896371971389
Cl-	MB-nrg	-5.0045904876346157	0.36084535222872094	0.13988386952193799	0.58180683493550389
Cl-	MB-nrg	-4.7545904876346157	0.41145735222872104	0.17581226098824532	0.64710244346919676
Cl-	MB-nrg	-4.5045904876346157	0.46348401889538748	0.21595343988849813	0.71101459790227683
Cl-	MB-nrg	-4.2545904876346157	0.51630868556205445	0.25553053638823586	0.77708683473587303
Cl-	MB-nrg	-4.0045904876346157	0.57010435222872102	0.29329893272403562	0.84690977173340642
Cl-	MB-nrg	-3.7545904876346157	0.6253820188953878	0.33380626877336406	0.91695776901741155
Cl-	MB-nrg	-3.5045904876346157	0.68256668556205424	0.3832275231153679	0.98190584800874059
Cl-	MB-nrg	-3.2545904876346157	0.74215435222872084	0.44446221868991254	1.0398464857675291
Cl-	MB-nrg	-3.0045904876346157	0.80489635222872091	0.5166622099588285	1.0931304944986135
Cl-	MB-nrg	-2.7545904876346157	0.87171268556205428	0.59837284464918117	1.1450525264749274
Cl-	MB-nrg	-2.5045904876346157	0.94354868556205429	0.68947313573873203	1.1976242353853768
Cl-	MB-nrg	-2.2545904876346157	1.0215763522287211	0.78976557377086287	1.2533871306865794
Cl-	MB-nrg	-2.0045904876346157	1.1078676855620539	0.89732283615728137	1.3184125349668268
Cl-	MB-nrg	-1.7545904876346157	1.2057330188953879	1.009982338408379	1.4014836993823967
Cl-	MB-nrg	-1.5045904876346157	1.3192966855620543	1.1290396407360936	1.5095537303880149
Cl-	MB-nrg	-1.2545904876346157	1.4525416855620543	1.2608967071619808	1.6441866639621279
Cl-	MB-nrg	-1.0045904876346157	1.608541685562054	1.4141629301042022	1.8029204410199058
Cl-	MB-nrg	-0.75459048763461567	1.7893160188953878	1.5951052155337724	1.9835268222570033
Cl-	MB-nrg	-0.50459048763461567	1.9960670188953875	1.8059140677461181	2.186219970044657
Cl-	MB-nrg	-0.25459048763461567	2.2293796855620545	2.0449808229335122	2.4137785481905967
Cl-	MB-nrg	-0.0045904876346156698	2.4894813522287205	2.3082488626218542	2.6707138418355867
Cl-	MB-nrg	0.24540951236538433	2.7763840188953877	2.5917081195228202	2.9610599182679551
Cl-	MB-nrg	0.49540951236538433	3.0900853522287206	2.8948792540173245	3.2852914504401167
Cl-	MB-nrg	0.74540951236538433	3.4309733522287211	3.2211018927350668	3.6408448117223755
Cl-	MB-nrg	0.99540951236538433	3.7993456855620544	3.5756981898533851	4.0229931812707242
Cl-	MB-nrg	1.2454095123653843	4.1953156855620541	3.9626325842969412	4.4279987868271675
Cl-	MB-nrg	1.4954095123653843	4.6190263522287207	4.3831397595492163	4.8549129449082233
Cl-	MB-nrg	1.7454095123653843	5.0701323522287201	4.8365045343345265	5.3037601701229153
Cl-	MB-nrg	1.9954095123653843	5.548693352228721	5.3229352294481913	5.7744514750092506
Cl-	MB-nrg	2.2454095123653843	6.0541753522287198	5.8404059234185812	6.2679447810388602
Cl-	MB-nrg	2.4954095123653843	6.5862343522287201	6.3838389286175659	6.7886297758398761
Cl-	MB-nrg	2.7454095123653843	7.1442936855620545	6.9503621707596999	7.3382252003644091
Cl-	MB-nrg	2.9954095123653843	7.727150352228719	7.5370302019437574	7.9172705025136807
Cl-	MB-nrg	3.2454095123653843	8.3348063522287212	8.1412173147756288	8.5283953896818137
Cl-	MB-nrg	3.4954095123653843	8.9647416855620534	8.7647921350722324	9.1646912360518744
Cl-	MB-nrg	3.7454095123653843	9.6165186855620544	9.4091332980898379	9.8239040730342708
Cl-	MB-nrg	3.9954095123653843	10.289229685562054	10.072301832022163	10.506157539101945
Cl-	MB-nrg	4.2454095123653843	10.979135685562055	10.753493829515406	11.204777541608703
Br-	MB-nrg	-10.004590487634616	8.0058104347635606e-05	-0.25192166639010538	0.25208178259880065
Br-	MB-nrg	-9.7545904876346157	-0.0042799418956520618	-0.23429395620391447	0.22573407241261045
Br-	MB-nrg	-9.5045904876346157	-0.0079009418956521582	-0.21496600869452465	0.19916412490322033
Br-	MB-nrg	-9.2545904876346157	-0.010376275228985543	-0.19625417331519235	0.17550162285722126
Br-	MB-nrg	-9.0045904876346157	-0.011488275228985545	-0.1800442328421108	0.15706768238413971
Br-	MB-nrg	-8.7545904876346157	-0.011141275228985448	-0.16628468448328426	0.14400213402531326
Br-	MB-nrg	-8.5045904876346157	-0.0092189418956523106	-0.15436699922072528	0.13592911542942065
Br-	MB-nrg	-8.2545904876346157	-0.0054576085623188053	-0.14417717872925384	0.13326196160461623
Br-	MB-nrg	-8.0045904876346157	0.00056739143768114175	-0.13501786283791528	0.13615264571327756
Br-	MB-nrg	-7.7545904876346157	0.0092910581043479379	-0.12497586187748211	0.14355797808617798
Br-	MB-nrg	-7.5045904876346157	0.020876391437681274	-0.11222318792549468	0.15397597080085723
Br-	MB-nrg	-7.2545904876346157	0.035050058104347803	-0.096561545820724959	0.16666166202942057
Br-	MB-nrg	-7.0045904876346157	0.051061058104347801	-0.079652830086301529	0.18177494629499713
Br-	MB-nrg	-6.7545904876346157	0.06798505810434774	-0.064206692693006939	0.20017680890170242
Br-	MB-nrg	-6.5045904876346157	0.085026724771014583	-0.052599234880043921	0.22265268442207309
Br-	MB-nrg	-6.2545904876346157	0.10163672477101438	-0.04599773005554586	0.24927117959757461
Br-	MB-nrg	-6.0045904876346157	0.11740672477101444	-0.045011440612206854	0.27982489015423573
Br-	MB-nrg	-5.7545904876346157	0.1319930581043478	-0.049806818597933011	0.31379293480662862
Br-	MB-nrg	-5.5045904876346157	0.14509139143768102	-0.05911999477993457	0.3493027776552966
Br-	MB-nrg	-5.2545904876346157	0.15643505810434788	-0.070075694628993324	0.38294581083768908
Br-	MB-nrg	-5.0045904876346157	0.16582172477101453	-0.079626113155624623	0.41126956269765369
Br-	MB-nrg	-4.7545904876346157	0.17304972477101455	-0.086201639603839419	0.43230108914586851
Br-	MB-nrg	-4.5045904876346157	0.17772172477101456	-0.089804841912733746	0.44524829145476286
Br-	MB-nrg	-4.2545904876346157	0.17908839143768107	-0.091535555928387691	0.44971233880374983
Br-	MB-nrg	-4.0045904876346157	0.17618972477101447	-0.093339574729232266	0.4457190242712612
Br-	MB-nrg	-3.7545904876346157	0.16835639143768111	-0.09799148318658335	0.43470426606194557
Br-	MB-nrg	-3.5045904876346157	0.15576505810434771	-0.10748699597427525	0.41901711218297066
Br-	MB-nrg	-3.2545904876346157	0.13967972477101465	-0.12150327818529072	0.40086272772732001
Br-	MB-nrg	-3.0045904876346157	0.12255439143768099	-0.13726907788981024	0.38237786076517222
Br-	MB-nrg	-2.7545904876346157	0.10790705810434775	-0.15066188913142997	0.36647600534012548
Br-	MB-nrg	-2.5045904876346157	0.10005205810434781	-0.15766047172782716	0.35776458793652277
Br-	MB-nrg	-2.2545904876346157	0.10352139143768113	-0.15504153885594318	0.36208432173130545
Br-	MB-nrg	-2.0045904876346157	0.12238372477101445	-0.13993128733391358	0.38469873687594247
Br-	MB-nrg	-1.7545904876346157	0.15970939143768126	-0.10866454906367662	0.42808333193903914
Br-	MB-nrg	-1.5045904876346157	0.21749139143768126	-0.056439399839891768	0.49142218271525429
Br-	MB-nrg	-1.2545904876346157	0.2969547247710147	0.021871199680959963	0.57203824986106944
Br-	MB-nrg	-1.0045904876346157	0.39892572477101473	0.13028701660769748	0.66756443293433199
Br-	MB-nrg	-0.75459048763461567	0.52421372477101436	0.27044806216620176	0.77797938737582695
Br-	MB-nrg	-0.50459048763461567	0.67386672477101461	0.44118549629243664	0.90654795324959259
Br-	MB-nrg	-0.25459048763461567	0.8492737247710147	0.64024752712740995	1.0582999224146195
Br-	MB-nrg	-0.0045904876346156698	1.0519293914376815	0.86640266327532545	1.2374561196000375
Br-	MB-nrg	0.24540951236538433	1.2831357247710142	1.1199133470690701	1.4463581024729584
Br-	MB-nrg	0.49540951236538433	1.543677058104348	1.4016010773492666	1.6857530388594293
Br-	MB-nrg	0.74540951236538433	1.8338993914376809	1.711156978577612	1.9566418042977498
Br-	MB-nrg	0.99540951236538433	2.1538630581043474	2.0468681870319392	2.2608579291767557
Br-	MB-nrg	1.2454095123653843	2.5034100581043477	2.4070429659634618	2.5997771502452336
Br-	MB-nrg	1.4954095123653843	2.8821803914376813	2.7917385255583653	2.9726222573169974
Br-	MB-nrg	1.7454095123653843	3.2894567247710151	3.2030300000070735	3.3758834495349568
Br-	MB-nrg	1.9954095123653843	3.7242547247710158	3.6433234477966385	3.8051860017453931
Br-	MB-nrg	2.2454095123653843	4.1860737247710151	4.115425688860439	4.2567217606815912
Br-	MB-nrg	2.4954095123653843	4.6744137247710151	4.6171220036571921	4.7317054458848382
Br-	MB-nrg	2.7454095123653843	5.1893420581043488	5.1446814204064175	5.2340026958022801
Br-	MB-nrg	2.9954095123653843	5.7311190581043485	5.6916070841849624	5.7706310320237346
Br-	MB-nrg	3.2454095123653843	6.2993273914376813	6.2593898969801609	6.3392648858952017
Br-	MB-nrg	3.4954095123653843	6.8934223914376815	6.8538208316269884	6.9330239512483747
Br-	MB-nrg	3.7454095123653843	7.5135753914376817	7.4777584264181094	7.549392356457254
Br-	MB-nrg	3.9954095123653843	8.1559780581043473	8.1263321487262825	8.1856239674824121
Br-	MB-nrg	4.2454095123653843	8.8202193914376803	8.7962814421464177	8.8441573407289429
I-	MB-nrg	-10.004590487634616	-0.00036187732121195637	-0.33709953416133343	0.33637577951890951
I-	MB-nrg	-9.7545904876346157	0.019346122678788324	-0.29878884476483192	0.33748109012240857
I-	MB-nrg	-9.5045904876346157	0.04283445601212188	-0.25033484541278672	0.33600375743703048
I-	MB-nrg	-9.2545904876346157	0.069233456012121719	-0.19819190905636153	0.33665882108060496
I-	MB-nrg	-9.0045904876346157	0.096832122678788046	-0.15057160408292392	0.34423584944050001
I-	MB-nrg	-8.7545904876346157	0.12396612267878826	-0.11288195527707678	0.3608142006346533
I-	MB-nrg	-8.5045904876346157	0.14991512267878848	-0.08290287156104803	0.38273311691862499
I-	MB-nrg	-8.2545904876346157	0.17533878934545521	-0.0530024896668011	0.40368006835771153
I-	MB-nrg	-8.0045904876346157	0.2017734560121216	-0.017560322403087136	0.42110723442733033
I-	MB-nrg	-7.7545904876346157	0.23033378934545512	0.02384473125791553	0.43682284743299471
I-	MB-nrg	-7.5045904876346157	0.26052078934545508	0.068474729113696009	0.45256684957721416
I-	MB-nrg	-7.2545904876346157	0.29049712267878824	0.11224212757096175	0.46875211778661474
I-	MB-nrg	-7.0045904876346157	0.31843345601212159	0.14860359836066817	0.488263313663575
I-	MB-nrg	-6.7545904876346157	0.34347345601212154	0.17160881535578687	0.5153380966684562
I-	MB-nrg	-6.5045904876346157	0.36572478934545494	0.18352778248536383	0.54792179620554604
I-	MB-nrg	-6.2545904876346157	0.38592212267878834	0.19166686452353643	0.58017738083404025
I-	MB-nrg	-6.0045904876346157	0.40488712267878824	0.19973087695100111	0.61004336840657536
I-	MB-nrg	-5.7545904876346157	0.42247112267878828	0.2077906553992297	0.63715158995834709
I-	MB-nrg	-5.5045904876346157	0.43659212267878855	0.21629596175802912	0.65688828359954798
I-	MB-nrg	-5.2545904876346157	0.44324878934545509	0.22450209339147231	0.66199548529943786
I-	MB-nrg	-5.0045904876346157	0.43754912267878843	0.22588656503284676	0.64921168032473031
I-	MB-nrg	-4.7545904876346157	0.41529545601212181	0.20917643592798885	0.62141447609625478
I-	MB-nrg	-4.5045904876346157	0.37413478934545497	0.1667436127044104	0.58152596598649953
I-	MB-nrg	-4.2545904876346157	0.31371045601212155	0.09986632606815804	0.52755458595608506
I-	MB-nrg	-4.0045904876346157	0.23541045601212174	0.015284224970394389	0.45553668705384909
I-	MB-nrg	-3.7545904876346157	0.14234178934545527	-0.080490404824765216	0.36517398351567576
I-	MB-nrg	-3.5045904876346157	0.039372789345454962	-0.18273089574807599	0.26147647443898592
I-	MB-nrg	-3.2545904876346157	-0.067352877321211757	-0.28764004831545509	0.15293429367303157
I-	MB-nrg	-3.0045904876346157	-0.17164687732121164	-0.39124479245759936	0.047951037815175956
I-	MB-nrg	-2.7545904876346157	-0.2683528773212116	-0.48880011040002669	-0.047905644242396628
I-	MB-nrg	-2.5045904876346157	-0.35370954398787835	-0.57530166569396712	-0.13211742228178958
I-	MB-nrg	-2.2545904876346157	-0.4249902106545449	-0.64612712982321363	-0.20385329148587616
I-	MB-nrg	-2.0045904876346157	-0.47975087732121158	-0.6970136648491515	-0.26248808979327154
I-	MB-nrg	-1.7545904876346157	-0.51539721065454491	-0.72411825462861168	-0.30667616668047804
I-	MB-nrg	-1.5045904876346157	-0.52944987732121163	-0.72507578025509223	-0.33382397438733102
I-	MB-nrg	-1.2545904876346157	-0.52018787732121174	-0.69965405284188753	-0.34072170180053596
I-	MB-nrg	-1.0045904876346157	-0.48698887732121166	-0.64913203373479855	-0.32484572090762476
I-	MB-nrg	-0.75459048763461567	-0.42982354398787836	-0.57437507284319422	-0.28527201513256251
I-	MB-nrg	-0.50459048763461567	-0.34815654398787843	-0.47405882109068098	-0.22225426688507599
I-	MB-nrg	-0.25459048763461567	-0.2402865439878783	-0.34457313956487567	-0.13599994841088092
I-	MB-nrg	-0.0045904876346156698	-0.103849210654545	-0.18203874896411576	-0.025659672344974238
I-	MB-nrg	0.24540951236538433	0.063153789345455014	0.015334853678919735	0.11097272501199029
I-	MB-nrg	0.49540951236538433	0.26191412267878844	0.24158746850543933	0.28224077685213755
I-	MB-nrg	0.74540951236538433	0.49315645601212177	0.45507631205020438	0.53123659997403916
I-	MB-nrg	0.99540951236538433	0.75770045601212188	0.68089356334900608	0.83450734867523768
I-	MB-nrg	1.2454095123653843	1.0565711226787882	0.94134481126825231	1.171797434089324
I-	MB-nrg	1.4954095123653843	1.3903014560121216	1.2424322750903853	1.5381706369338579
I-	MB-nrg	1.7454095123653843	1.7582447893454545	1.5878385490907456	1.9286510296001633
I-	MB-nrg	1.9954095123653843	2.1586931226787884	1.976271631095891	2.3411146142616861
I-	MB-nrg	2.2454095123653843	2.5891641226787883	2.4041084665842911	2.7742197787732854
I-	MB-nrg	2.4954095123653843	3.0466797893454549	2.8648087488806286	3.2285508298102812
I-	MB-nrg	2.7454095123653843	3.5297591226787883	3.352893878366852	3.7066243669907246
I-	MB-nrg	2.9954095123653843	4.0375057893454551	3.8641742444709282	4.2108373342199821
I-	MB-nrg	3.2454095123653843	4.5711291226787889	4.3996319233565755	4.7426263220010023
I-	MB-nrg	3.4954095123653843	5.1314431226787898	4.9601840563858053	5.3027021889717743
I-	MB-nrg	3.7454095123653843	5.7187181226787889	5.5480883926276015	5.8893478527299763
I-	MB-nrg	3.9954095123653843	6.3324474560121216	6.1649436139781919	6.4999512980460512
I-	MB-nrg	4.2454095123653843	6.9689407893454547	6.8077387521873938	7.1301428265035156
F-	TTM-nrg	-10.004590487634616	-0.00012505712446730932	-0.51543931620181394	0.51518920195287921
F-	TTM-nrg	-9.7545904876346157	0.0066856095421994333	-0.46772294864588404	0.48109416773028291
F-	TTM-nrg	-9.5045904876346157	0.0098022762088660897	-0.45012536779376788	0.46972992021149995
F-	TTM-nrg	-9.2545904876346157	0.0084202762088660954	-0.46604399877492553	0.48288455119265761
F-	TTM-nrg	-9.0045904876346157	0.0040536095421994656	-0.49932324302186448	0.5074304621062633
F-	TTM-nrg	-8.7545904876346157	-0.00037339045780049318	-0.52974123153641051	0.52899445062080952
F-	TTM-nrg	-8.5045904876346157	-0.0023500571244672308	-0.54643246321593653	0.54173234896700206
F-	TTM-nrg	-8.2545904876346157	-0.0010400571244670864	-0.5482835271714267	0.54620341292249242
F-	TTM-nrg	-8.0045904876346157	0.0028069428755326253	-0.53838135955497912	0.54399524530604437
F-	TTM-nrg	-7.7545904876346157	0.0078946095421994489	-0.51927819822937304	0.53506741731377194
F-	TTM-nrg	-7.5045904876346157	0.013536942875532754	-0.4923314744015731	0.51940536015263872
F-	TTM-nrg	-7.2545904876346157	0.020104609542199503	-0.45987161943014532	0.50008083851454432
F-	TTM-nrg	-7.0045904876346157	0.028558609542199465	-0.42667188639269638	0.4837891054770953
F-	TTM-nrg	-6.7545904876346157	0.039575276208866139	-0.39848188169082721	0.4776324341085596
F-	TTM-nrg	-6.5045904876346157	0.053410609542199561	-0.37835742904883085	0.48517864813323008
F-	TTM-nrg	-6.2545904876346157	0.070778942875532769	-0.36406263644176551	0.50562052219283116
F-	TTM-nrg	-6.0045904876346157	0.093679276208866069	-0.34922044473508507	0.53657899715281721
F-	TTM-nrg	-5.7545904876346157	0.12486394287553271	-0.32691361284804876	0.57664149859911418
F-	TTM-nrg	-5.5045904876346157	0.16624294287553298	-0.29343862565437384	0.6259245114054397
F-	TTM-nrg	-5.2545904876346157	0.21776827620886618	-0.24962254410399287	0.68515909652172535
F-	TTM-nrg	-5.0045904876346157	0.27772860954219936	-0.19864388467060401	0.75410110375500272
F-	TTM-nrg	-4.7545904876346157	0.34389827620886604	-0.1428432589071793	0.83063981132491138
F-	TTM-nrg	-4.5045904876346157	0.41432860954219963	-0.08181915856656341	0.91047637765096257
F-	TTM-nrg	-4.2545904876346157	0.48715760954219944	-0.013111722766634859	0.98742694185103375
F-	TTM-nrg	-4.0045904876346157	0.5602466095421994	0.064771071302013317	1.0557221477823857
F-	TTM-nrg	-3.7545904876346157	0.631405276208866	0.14957846734931857	1.1132320850684136
F-	TTM-nrg	-3.5045904876346157	0.69919860954219937	0.23520603066016554	1.1631911884242334
F-	TTM-nrg	-3.2545904876346157	0.7633486095421993	0.31611240900530868	1.2105848100790899
F-	TTM-nrg	-3.0045904876346157	0.82490127620886589	0.39107378741427667	1.2587287650034553
F-	TTM-nrg	-2.7545904876346157	0.88638460954219922	0.4629467138036889	1.3098225052807093
F-	TTM-nrg	-2.5045904876346157	0.95174627620886598	0.53549053662835067	1.3680020157893811
F-	TTM-nrg	-2.2545904876346157	1.0256959428755326	0.61080096506823667	1.4405909206828285
F-	TTM-nrg	-2.0045904876346157	1.112584276208866	0.6898062903157467	1.5353622621019851
F-	TTM-nrg	-1.7545904876346157	1.2155462762088658	0.77404879302489871	1.6570437593928329
F-	TTM-nrg	-1.5045904876346157	1.336430276208866	0.86740224309356817	1.8054583093241638
F-	TTM-nrg	-1.2545904876346157	1.476351942875533	0.97637790995223384	1.9763259757988321
F-	TTM-nrg	-1.0045904876346157	1.6364916095421993	1.1081875914036465	2.1647956276807521
F-	TTM-nrg	-0.75459048763461567	1.8187149428755331	1.2676127429108286	2.3698171428402377
F-	TTM-nrg	-0.50459048763461567	2.0256256095421996	1.4554014758009357	2.5958497432834635
F-	TTM-nrg	-0.25459048763461567	2.259700276208866	1.6696720690560776	2.8497284833616545
F-	TTM-nrg	-0.0045904876346156698	2.5223859428755331	1.9094226176981901	3.1353492680528761
F-	TTM-nrg	0.24540951236538433	2.8134462762088654	2.1765419939365556	3.4503505584811749
F-	TTM-nrg	0.49540951236538433	3.1318646095421996	2.4743495466219385	3.7893796724624607
F-	TTM-nrg	0.74540951236538433	3.4770606095421992	2.8058695710894539	4.1482516479949449
F-	TTM-nrg	0.99540951236538433	3.8495449428755335	3.1709333114555061	4.5281565742955614
F-	TTM-nrg	1.2454095123653843	4.2506252762088668	3.5690101260307885	4.9322404263869437
F-	TTM-nrg	1.4954095123653843	4.6803026095421991	3.9979441943316387	5.3626610247527609
F-	TTM-nrg	1.7454095123653843	5.1381086095422006	4.4548428617242877	5.8213743573601118
F-	TTM-nrg	1.9954095123653843	5.6231149428755334	4.938809873353506	6.307420012397559
F-	TTM-nrg	2.2454095123653843	6.1332046095422008	5.4521172195997227	6.8142919994846789
F-	TTM-nrg	2.4954095123653843	6.6656466095422005	5.9918915664618293	7.3394016526225716
F-	TTM-nrg	2.7454095123653843	7.2187329428755316	6.5564976794044796	7.8809682063465836
F-	TTM-nrg	2.9954095123653843	7.7922929428755321	7.1468449245177386	8.4377409612333256
F-	TTM-nrg	3.2454095123653843	8.3856302762088664	7.7576058272775228	9.0136547251402099
F-	TTM-nrg	3.4954095123653843	8.9983862762088673	8.3825474739118704	9.6142250785058643
F-	TTM-nrg	3.7454095123653843	9.632003609542199	9.0198588218434441	10.244148397240954
F-	TTM-nrg	3.9954095123653843	10.284897276208865	9.6662734964610486	10.903521055956681
F-	TTM-nrg	4.2454095123653843	10.957085276208867	10.320888444115331	11.593282108302402
Cl-	TTM-nrg	-10.004590487634616	-0.0001588063895570091	-0.12047460656119147	0.12015699378207745
Cl-	TTM-nrg	-9.7545904876346157	0.0084898602771095177	-0.10530038868230052	0.12228010923651955
Cl-	TTM-nrg	-9.5045904876346157	0.015744526943776149	-0.10399033217291409	0.13547938606046639
Cl-	TTM-nrg	-9.2545904876346157	0.020163860277109702	-0.11008365716071933	0.15041137771493873
Cl-	TTM-nrg	-9.0045904876346157	0.020897193610442732	-0.11616031000955895	0.15795469723044442
Cl-	TTM-nrg	-8.7545904876346157	0.017838526943776412	-0.11585021660692352	0.15152727049447634
Cl-	TTM-nrg	-8.5045904876346157	0.01184752694377611	-0.10515855304517219	0.12885360693272441
Cl-	TTM-nrg	-8.2545904876346157	0.0048551936104430649	-0.084212936388786463	0.093923323609672593
Cl-	TTM-nrg	-8.0045904876346157	-0.00062013972289021169	-0.058916610464651908	0.057676331018871485
Cl-	TTM-nrg	-7.7545904876346157	-0.0022994730562237997	-0.046846015241663652	0.042247069129216053
Cl-	TTM-nrg	-7.5045904876346157	0.001124193610442914	-0.062220032576563167	0.064468419797448995
Cl-	TTM-nrg	-7.2545904876346157	0.0097301936104430276	-0.084469973583810143	0.1039303608046962
Cl-	TTM-nrg	-7.0045904876346157	0.022664526943776186	-0.10199746826421507	0.14732652215176745
Cl-	TTM-nrg	-6.7545904876346157	0.038986193610442754	-0.11077719299063093	0.18874958021151644
Cl-	TTM-nrg	-6.5045904876346157	0.058409526943776324	-0.10672440372618786	0.2235434576137405
Cl-	TTM-nrg	-6.2545904876346157	0.081328193610442856	-0.085728886023887396	0.24838527324477311
Cl-	TTM-nrg	-6.0045904876346157	0.10816386027710978	-0.046562047979304078	0.26288976853352364
Cl-	TTM-nrg	-5.7545904876346157	0.13856852694377642	0.0059163013485199478	0.27122075253903288
Cl-	TTM-nrg	-5.5045904876346157	0.17103052694377641	0.058934300882559798	0.28312675300499301
Cl-	TTM-nrg	-5.2545904876346157	0.2029038602771096	0.096788292877481696	0.30901942767673751
Cl-	TTM-nrg	-5.0045904876346157	0.23081286027710979	0.11721808799090816	0.34440763256331142
Cl-	TTM-nrg	-4.7545904876346157	0.2509491936104431	0.13080573373097493	0.37109265348991127
Cl-	TTM-nrg	-4.5045904876346157	0.25886186027710956	0.14356351249309518	0.37416020806112393
Cl-	TTM-nrg	-4.2545904876346157	0.24937386027710984	0.15248445957558032	0.34626326097863935
Cl-	TTM-nrg	-4.0045904876346157	0.21774819361044306	0.14915823884704471	0.28633814837384142
Cl-	TTM-nrg	-3.7545904876346157	0.16163586027710952	0.12471948830437141	0.19855223224984764
Cl-	TTM-nrg	-3.5045904876346157	0.08232686027710967	0.073393517561189725	0.091260202993029615
Cl-	TTM-nrg	-3.2545904876346157	-0.01529313972289037	-0.034561427078630302	0.0039751476328495627
Cl-	TTM-nrg	-3.0045904876346157	-0.12356413972289038	-0.16434971221465822	-0.082778567231122535
Cl-	TTM-nrg	-2.7545904876346157	-0.23369480638955697	-0.29430658211893435	-0.1730830306601796
Cl-	TTM-nrg	-2.5045904876346157	-0.33743913972289041	-0.4154514346317193	-0.25942684481406153
Cl-	TTM-nrg	-2.2545904876346157	-0.42810080638955705	-0.5189942382885161	-0.33720737449059812
Cl-	TTM-nrg	-2.0045904876346157	-0.50055947305622372	-0.5974234001932911	-0.40369554591915646
Cl-	TTM-nrg	-1.7545904876346157	-0.55093313972289037	-0.6463273954329064	-0.45553888401287446
Cl-	TTM-nrg	-1.5045904876346157	-0.5762638063895571	-0.66570847426649649	-0.48681913851261771
Cl-	TTM-nrg	-1.2545904876346157	-0.57441913972289049	-0.65929980751552564	-0.48953847193025535
Cl-	TTM-nrg	-1.0045904876346157	-0.54398080638955704	-0.631058314506314	-0.45690329827280007
Cl-	TTM-nrg	-0.75459048763461567	-0.4840171397228904	-0.58106356378165935	-0.38697071566412133
Cl-	TTM-nrg	-0.50459048763461567	-0.39379147305622375	-0.50581777460732136	-0.28176517150512614
Cl-	TTM-nrg	-0.25459048763461567	-0.27255613972289039	-0.4012000609937818	-0.14391221845199897
Cl-	TTM-nrg	-0.0045904876346156698	-0.11950613972289048	-0.26381923174479449	0.024806952299013529
Cl-	TTM-nrg	0.24540951236538433	0.066017193610442781	-0.091422113272509931	0.22345650049339549
Cl-	TTM-nrg	0.49540951236538433	0.28414986027710976	0.11680731477108242	0.4514924057831371
Cl-	TTM-nrg	0.74540951236538433	0.53431519361044311	0.36008612958368769	0.7085442576371983
Cl-	TTM-nrg	0.99540951236538433	0.81531419361044288	0.63616869762924	0.99445968959164577
Cl-	TTM-nrg	1.2454095123653843	1.1261061936104431	0.94227902698379018	1.3099333602370959
Cl-	TTM-nrg	1.4954095123653843	1.466469193610443	1.2766410461598399	1.6562973410610462
Cl-	TTM-nrg	1.7454095123653843	1.8370651936104425	1.6392522443918109	2.0348781428290739
Cl-	TTM-nrg	1.9954095123653843	2.2387865269437759	2.0319327181116362	2.4456403357759164
Cl-	TTM-nrg	2.2454095123653843	2.6717685269437768	2.4564916939612429	2.8870453599263106
Cl-	TTM-nrg	2.4954095123653843	3.1353281936104436	2.9147334640767149	3.3559229231441723
Cl-	TTM-nrg	2.7454095123653843	3.6285778602771099	3.4068104541853632	3.8503452663688567
Cl-	TTM-nrg	2.9954095123653843	4.1492675269437767	3.9329339019549199	4.3656011519326334
Cl-	TTM-nrg	3.2454095123653843	4.6956145269437766	4.4870858752080824	4.9041431786794707
Cl-	TTM-nrg	3.4954095123653843	5.2661128602771097	5.066740610181057	5.4654851103731623
Cl-	TTM-nrg	3.7454095123653843	5.8605548602771105	5.6655298069609117	6.0555799135933093
Cl-	TTM-nrg	3.9954095123653843	6.4763111936104432	6.2831581787578639	6.6694642084630225
Cl-	TTM-nrg	4.2454095123653843	7.1134215269437764	6.9232814374883418	7.303561616399211
Br-	TTM-nrg	-10.004590487634616	-0.00015031092710793281	-0.23659744734642363	0.23629682549220776
Br-	TTM-nrg	-9.7545904876346157	0.0080356890728918717	-0.21937769793347495	0.23544907607925847
Br-	TTM-nrg	-9.5045904876346157	0.015639022406225278	-0.19541372819849312	0.2266917730109439
Br-	TTM-nrg	-9.2545904876346157	0.02313202240622525	-0.16641617303673417	0.21268021784918467
Br-	TTM-nrg	-9.0045904876346157	0.031211689072892179	-0.13707019777171703	0.19949357591750161
Br-	TTM-nrg	-8.7545904876346157	0.040408022406225319	-0.11292589173458012	0.19374193654703076
Br-	TTM-nrg	-8.5045904876346157	0.050572355739558761	-0.096856762936620155	0.19800147441573746
Br-	TTM-nrg	-8.2545904876346157	0.060707689072891702	-0.085689968588688492	0.20710534673447212
Br-	TTM-nrg	-8.0045904876346157	0.069537689072892039	-0.071224744664415418	0.2103001228101995
Br-	TTM-nrg	-7.7545904876346157	0.076535022406225339	-0.046614990244739252	0.19968503505718971
Br-	TTM-nrg	-7.5045904876346157	0.082567355739558534	-0.012379030265185387	0.17751374174430268
Br-	TTM-nrg	-7.2545904876346157	0.089652022406225162	0.022836528472253148	0.15646751634019695
Br-	TTM-nrg	-7.0045904876346157	0.10036002240622532	0.047679939305851571	0.15304010550659908
Br-	TTM-nrg	-6.7545904876346157	0.11712935573955852	0.06289389644960508	0.17136481502951195
Br-	TTM-nrg	-6.5045904876346157	0.14152468907289206	0.082160949735507804	0.20088842841027654
Br-	TTM-nrg	-6.2545904876346157	0.1737533557395583	0.1120940102343384	0.23541270124477842
Br-	TTM-nrg	-6.0045904876346157	0.21288735573955897	0.15034321126308314	0.27543150021603502
Br-	TTM-nrg	-5.7545904876346157	0.25746035573955872	0.19016213300843487	0.32475857847068257
Br-	TTM-nrg	-5.5045904876346157	0.30522235573955836	0.22624642351497082	0.3841982879641459
Br-	TTM-nrg	-5.2545904876346157	0.35194335573955815	0.25723723485581829	0.44664947662329801
Br-	TTM-nrg	-5.0045904876346157	0.39043468907289203	0.28074787624910469	0.50012150189667937
Br-	TTM-nrg	-4.7545904876346157	0.41130235573955831	0.28927354890053403	0.5333311625785826
Br-	TTM-nrg	-4.5045904876346157	0.40487402240622528	0.27144986503181601	0.53829817978063454
Br-	TTM-nrg	-4.2545904876346157	0.36339935573955895	0.21809911742022114	0.50869959405889675
Br-	TTM-nrg	-4.0045904876346157	0.28280902240622563	0.12574879739352385	0.43986924741892741
Br-	TTM-nrg	-3.7545904876346157	0.16417402240622536	-0.0032132214895359557	0.3315612663019869
Br-	TTM-nrg	-3.5045904876346157	0.014376689072892024	-0.15994216901576697	0.18869554716155079
Br-	TTM-nrg	-3.2545904876346157	-0.1550446442604414	-0.33137180279033829	0.021282514269455488
Br-	TTM-nrg	-3.0045904876346157	-0.33120597759377479	-0.50440059403427306	-0.15801136115327652
Br-	TTM-nrg	-2.7545904876346157	-0.5032493109271079	-0.66922458795196915	-0.33727403390224664
Br-	TTM-nrg	-2.5045904876346157	-0.6634739775937748	-0.81948067464613428	-0.50746728054141532
Br-	TTM-nrg	-2.2545904876346157	-0.80671764426044112	-0.95102211503851719	-0.66241317348236506
Br-	TTM-nrg	-2.0045904876346157	-0.92913631092710791	-1.0603639704426091	-0.79790865141160672
Br-	TTM-nrg	-1.7545904876346157	-1.0276019775937746	-1.1450508240760522	-0.9101531311114972
Br-	TTM-nrg	-1.5045904876346157	-1.0996836442604412	-1.2045964025868163	-0.99477088593406626
Br-	TTM-nrg	-1.2545904876346157	-1.1437309775937745	-1.2401128586943331	-1.0473490964932162
Br-	TTM-nrg	-1.0045904876346157	-1.1586083109271081	-1.252717679415881	-1.0644989424383353
Br-	TTM-nrg	-0.75459048763461567	-1.1431949775937746	-1.2419818245101526	-1.0444081306773969
Br-	TTM-nrg	-0.50459048763461567	-1.0960283109271081	-1.2054220453861193	-0.98663457646809682
Br-	TTM-nrg	-0.25459048763461567	-1.0154126442604414	-1.1389172374827603	-0.89190805103812221
Br-	TTM-nrg	-0.0045904876346156698	-0.89994564426044132	-1.0376988147484401	-0.76219247377244259
Br-	TTM-nrg	0.24540951236538433	-0.74899131092710802	-0.89789626982921855	-0.60008635202499749
Br-	TTM-nrg	0.49540951236538433	-0.56270731092710813	-0.71738697203053281	-0.40802764982368345
Br-	TTM-nrg	0.74540951236538433	-0.34156764426044139	-0.49557732536092591	-0.18755796315995688
Br-	TTM-nrg	0.99540951236538433	-0.086085310927108027	-0.23274881246515733	0.060578190610941274
Br-	TTM-nrg	1.2454095123653843	0.20318268907289205	0.069639391059267641	0.33672598708651647
Br-	TTM-nrg	1.4954095123653843	0.52518002240622508	0.40727489243921067	0.64308515237323949
Br-	TTM-nrg	1.7454095123653843	0.87833268907289197	0.77109929716430292	0.98556608098148102
Br-	TTM-nrg	1.9954095123653843	1.2607590224062255	1.1495538371296887	1.3719642076827623
Br-	TTM-nrg	2.2454095123653843	1.6712463557395592	1.5393227250654102	1.8031699864137081
Br-	TTM-nrg	2.4954095123653843	2.1087900224062257	1.948776831401533	2.2688032134109188
Br-	TTM-nrg	2.7454095123653843	2.572246355739559	2.3869844275976564	2.7575082838814615
Br-	TTM-nrg	2.9954095123653843	3.0614660224062251	2.8559131363953774	3.2670189084170729
Br-	TTM-nrg	3.2454095123653843	3.5764396890728922	3.3544497213445736	3.7984296568012108
Br-	TTM-nrg	3.4954095123653843	4.1176000224062257	3.8783704596279605	4.3568295851844905
Br-	TTM-nrg	3.7454095123653843	4.6849043557395582	4.424522395267406	4.9452863162117122
Br-	TTM-nrg	3.9954095123653843	5.2784016890728918	4.9876591786556901	5.5691441994900934
Br-	TTM-nrg	4.2454095123653843	5.8975843557395589	5.5727331949251795	6.2224355165539382
I-	TTM-nrg	-10.004590487634616	-0.00024417109761021294	-0.35972037660434442	0.35923203440912399
I-	TTM-nrg	-9.7545904876346157	0.013053495569056217	-0.36414459608972516	0.39025158722783759
I-	TTM-nrg	-9.5045904876346157	0.021690162235722621	-0.36059448943738159	0.40397481390882684
I-	TTM-nrg	-9.2545904876346157	0.026567495569056021	-0.34662667009634918	0.39976166123446122
I-	TTM-nrg	-9.0045904876346157	0.02981749556905644	-0.32452932729705486	0.38416431843516774
I-	TTM-nrg	-8.7545904876346157	0.034430495569056419	-0.29844609086977902	0.36730708200789186
I-	TTM-nrg	-8.5045904876346157	0.042777828902389459	-0.26945019082402455	0.35500584862880347
I-	TTM-nrg	-8.2545904876346157	0.055447162235722658	-0.23536920676131867	0.34626353123276399
I-	TTM-nrg	-8.0045904876346157	0.071458162235722877	-0.19555341312269769	0.33846973759414345
I-	TTM-nrg	-7.7545904876346157	0.089515162235722201	-0.15262621144842647	0.33165653591987088
I-	TTM-nrg	-7.5045904876346157	0.10916049556905616	-0.11000357243278813	0.32832456357090045
I-	TTM-nrg	-7.2545904876346157	0.13091249556905593	-0.068985324842599116	0.33081031598071098
I-	TTM-nrg	-7.0045904876346157	0.15547049556905623	-0.028258272747922142	0.33919926388603461
I-	TTM-nrg	-6.7545904876346157	0.18288182890238946	0.014325820272356182	0.35143783753242275
I-	TTM-nrg	-6.5045904876346157	0.21239282890238931	0.059126941108465392	0.36565871669631322
I-	TTM-nrg	-6.2545904876346157	0.24293049556905633	0.10247020178387656	0.38339078935423609
I-	TTM-nrg	-6.0045904876346157	0.2734528289023892	0.13750843948256364	0.40939721832221476
I-	TTM-nrg	-5.7545904876346157	0.30233282890238966	0.16037346789512918	0.44429218990965014
I-	TTM-nrg	-5.5045904876346157	0.32597049556905588	0.1737563506290698	0.47818464050904197
I-	TTM-nrg	-5.2545904876346157	0.33757916223572293	0.18155597797070522	0.49360234650074064
I-	TTM-nrg	-5.0045904876346157	0.3264568289023897	0.18229371481758383	0.47061994298719556
I-	TTM-nrg	-4.7545904876346157	0.27889682890238943	0.1649117447566204	0.39288191304815845
I-	TTM-nrg	-4.5045904876346157	0.1825368289023892	0.10737048259581217	0.25770317520896624
I-	TTM-nrg	-4.2545904876346157	0.032806495569056349	-0.014532633494291236	0.080145624632403933
I-	TTM-nrg	-4.0045904876346157	-0.16417583776427769	-0.19799799044040567	-0.13035368508814971
I-	TTM-nrg	-3.7545904876346157	-0.39491217109761045	-0.41460398610254856	-0.37522035609267235
I-	TTM-nrg	-3.5045904876346157	-0.64478350443094401	-0.66545795630366023	-0.62410905255822779
I-	TTM-nrg	-3.2545904876346157	-0.90209683776427729	-0.94399145051222	-0.86020222501633459
I-	TTM-nrg	-3.0045904876346157	-1.158276504430944	-1.2162972049310814	-1.1002558039308066
I-	TTM-nrg	-2.7545904876346157	-1.4075715044309438	-1.4689193806867979	-1.3462236281750897
I-	TTM-nrg	-2.5045904876346157	-1.6450655044309437	-1.6958821299926266	-1.5942488788692608
I-	TTM-nrg	-2.2545904876346157	-1.8663081710976106	-1.8986667333761489	-1.8339496088190723
I-	TTM-nrg	-2.0045904876346157	-2.0674471710976103	-2.0911757479275184	-2.0437185942677027
I-	TTM-nrg	-1.7545904876346157	-2.2454761710976108	-2.2804964940387453	-2.2104558481564762
I-	TTM-nrg	-1.5045904876346157	-2.3980428377642773	-2.44270446549117	-2.3533812100373845
I-	TTM-nrg	-1.2545904876346157	-2.5228405044309441	-2.5677837753886097	-2.4778972334732785
I-	TTM-nrg	-1.0045904876346157	-2.6174551710976104	-2.6551740851710823	-2.5797362570241389
I-	TTM-nrg	-0.75459048763461567	-2.6798388377642772	-2.7112179843528441	-2.6484596911757103
I-	TTM-nrg	-0.50459048763461567	-2.7088218377642774	-2.7456867280982888	-2.671956947430266
I-	TTM-nrg	-0.25459048763461567	-2.7041238377642771	-2.7541262381174869	-2.6541214374110678
I-	TTM-nrg	-0.0045904876346156698	-2.6658361710976104	-2.7268269943079528	-2.6048453478872684
I-	TTM-nrg	0.24540951236538433	-2.5938171710976108	-2.6594222298232744	-2.5282121123719468
I-	TTM-nrg	0.49540951236538433	-2.4874491710976105	-2.5513940030609996	-2.4235043391342215
I-	TTM-nrg	0.74540951236538433	-2.3459358377642774	-2.4047512291624962	-2.2871204463660582
I-	TTM-nrg	0.99540951236538433	-2.1689888377642772	-2.2240430014491168	-2.113934674079438
I-	TTM-nrg	1.2454095123653843	-1.9571691710976107	-2.0169677149068921	-1.8973706272883293
I-	TTM-nrg	1.4954095123653843	-1.711599504430944	-1.789091516930212	-1.634107491931676
I-	TTM-nrg	1.7454095123653843	-1.4332251710976105	-1.538055798617596	-1.328394543577625
I-	TTM-nrg	1.9954095123653843	-1.1221738377642776	-1.2580399156110404	-0.98630775991751474
I-	TTM-nrg	2.2454095123653843	-0.7779131710976106	-0.94384022902524611	-0.61198611316997509
I-	TTM-nrg	2.4954095123653843	-0.40008017109761029	-0.59185229287836627	-0.20830804931685432
I-	TTM-nrg	2.7454095123653843	0.011087495569055861	-0.20103130928078006	0.22320630041889178
I-	TTM-nrg	2.9954095123653843	0.45441016223572284	0.22698582954329316	0.68183449492815251
I-	TTM-nrg	3.2454095123653843	0.92901549556905616	0.69119458328212202	1.1668364078559903
I-	TTM-nrg	3.4954095123653843	1.4337291622357227	1.1905395637775817	1.6769187606938636
I-	TTM-nrg	3.7454095123653843	1.9673581622357221	1.7247128562148997	2.2100034682565446
I-	TTM-nrg	3.9954095123653843	2.5286464955690566	2.2915764785209976	2.7657165126171157
I-	TTM-nrg	4.2454095123653843	3.1173548289023896	2.8905012674479571	3.344208390356822
