ion	component	z_A	energy_kcal_mol	lower_kcal_mol	upper_kcal_mol
F-	free_energy	-10	0	-0.25420415115657813	0.25420415115657802
F-	free_energy	-9	0.044566333333333374	-0.080566269538271396	0.16969893620493814
F-	free_energy	-8	0.11515366666666671	0.078272701280707624	0.1520346320526258
F-	free_energy	-7	0.25923366666666681	0.13587051386596982	0.3825968194673639
F-	free_energy	-6	0.50492033333333342	0.22872577530658766	0.78111489136007917
F-	free_energy	-5	0.9797773333333335	0.64253361553044042	1.3170210511362264
F-	free_energy	-4	1.7183899999999999	1.48864434190555	1.9481356580944498
F-	free_energy	-3	2.7316816666666668	2.5697051685199401	2.8936581648133934
F-	free_energy	-2	3.980691666666667	3.7854505675965164	4.1759327657368175
F-	free_energy	-1	5.4745789999999994	5.2494958026480276	5.6996621973519712
F-	free_energy	0	7.2742316666666671	7.0878149051227162	7.460648428210618
F-	free_energy	1	9.4588710000000003	9.2178651387129911	9.6998768612870094
F-	free_energy	2	12.053344666666666	11.81805548263605	12.288633850697282
F-	free_energy	3	15.012539666666667	14.861032988021721	15.164046345311613
F-	free_energy	4	18.284495666666665	18.117371500753336	18.451619832579993
F-	minus_T_entropy	-10	0	-1.0372599065869277	1.0372599065869277
F-	minus_T_entropy	-9	0.36886819727715192	-1.7434229598985809	2.4811593544528847
F-	minus_T_entropy	-8	0.25016052116370702	-1.0942751100707471	1.5945961523981611
F-	minus_T_entropy	-7	-0.021386067485764215	-1.5562832004144409	1.5135110654429125
F-	minus_T_entropy	-6	0.51416948814039642	-1.3369168024040998	2.3652557786848929
F-	minus_T_entropy	-5	0.019506199162606208	-2.7106534508843247	2.7496658492095372
F-	minus_T_entropy	-4	-3.8292407932676724	-5.2479418878361805	-2.4105396986991647
F-	minus_T_entropy	-3	-4.2993740133724714	-5.8671903180648179	-2.7315577086801248
F-	minus_T_entropy	-2	-5.3137511444056145	-6.2977551742743856	-4.3297471145368434
F-	minus_T_entropy	-1	-6.7483141984475878	-8.3350720232241358	-5.1615563736710399
F-	minus_T_entropy	0	-6.8696194802505488	-8.5149731250015783	-5.2242658354995193
F-	minus_T_entropy	1	-9.8500538927710295	-12.393419219688957	-7.3066885658531024
F-	minus_T_entropy	2	-12.238300027974219	-13.646588261963695	-10.830011793984744
F-	minus_T_entropy	3	-14.176619463457428	-16.748835004422919	-11.604403922491937
F-	minus_T_entropy	4	-13.324122014639215	-16.707650811673567	-9.9405932176048637
F-	internal_energy	-10	0	-1.0056283425537913	1.0056283425537913
F-	internal_energy	-9	-0.32430186394412885	-2.4328833217923602	1.7842795939041025
F-	internal_energy	-8	-0.13500685449707817	-1.4789365256201563	1.208922816626
F-	internal_energy	-7	0.28061973415242392	-1.2493118790916924	1.8105513473965402
F-	internal_energy	-6	-0.009249154806639126	-1.839614424679894	1.8211161150666157
F-	internal_energy	-5	0.960271134170398	-1.7489793875693067	3.6695216559101027
F-	internal_energy	-4	5.5476307932676718	4.147655890522401	6.9476056960129426
F-	internal_energy	-3	7.0310556800395716	5.4716289971502192	8.590482362928924
F-	internal_energy	-2	9.2944428110722583	8.3300026397646434	10.258882982379873
F-	internal_energy	-1	12.222893198447309	10.652180637614038	13.793605759280581
F-	internal_energy	0	14.143851146916859	12.509092018693082	15.778610275140636
F-	internal_energy	1	19.308924892770847	16.777004009134544	21.84084577640715
F-	internal_energy	2	24.291644694641036	22.903150996466138	25.680138392815934
F-	internal_energy	3	29.189159130123699	26.621409431358188	31.756908828889209
F-	internal_energy	4	31.608617681305986	28.229218824478266	34.988016538133706
F-	ion_water_energy	-10	0	-0.13143495629573665	0.13143495629573665
F-	ion_water_energy	-9	-0.63155424299489482	-0.7977731836588704	-0.4653353023309193
F-	ion_water_energy	-8	-1.1222271979077902	-1.2595365572031529	-0.98491783861242743
F-	ion_water_energy	-7	-1.5112190954346545	-1.7298759035015037	-1.2925622873678053
F-	ion_water_energy	-6	-2.1014922917732974	-2.3616201977762596	-1.8413643857703352
F-	ion_water_energy	-5	-2.4725275029576608	-2.6888708825704759	-2.2561841233448456
F-	ion_water_energy	-4	-2.1951061164759835	-2.6817985156352782	-1.7084137173166889
F-	ion_water_energy	-3	-1.5695579598271365	-1.810006288461786	-1.329109631192487
F-	ion_water_energy	-2	-0.23670721150745067	-0.50463199087407529	0.031217567859174011
F-	ion_water_energy	-1	1.1625627533488228	0.85116244642732009	1.4739630602703255
F-	ion_water_energy	0	2.3464684576738364	2.146970967208619	2.5459659481390537
F-	ion_water_energy	1	3.549957693565517	3.2251304790920852	3.8747849080389489
F-	ion_water_energy	2	4.3753447149428553	3.8175310311014239	4.9331583987842862
F-	ion_water_energy	3	5.2187404009530383	4.9909804333395575	5.446500368566519
F-	ion_water_energy	4	5.9154139485954715	5.5524164367689437	6.2784114604219994
F-	water_water_energy	-10	0	-1.0406968339681326	1.0406968339681326
F-	water_water_energy	-9	-0.060206216855476669	-2.2206942624408521	2.1002818287298988
F-	water_water_energy	-8	0.5950512983945373	-0.49366653006948624	1.6837691268585608
F-	water_water_energy	-7	1.3294093637850892	-0.18683630874012058	2.845655036310299
F-	water_water_energy	-6	1.8990272833716517	0.3185552567404375	3.4794993100028657
F-	water_water_energy	-5	3.2329408020159462	0.97271370767264331	5.4931678963592496
F-	water_water_energy	-4	7.6739322022194756	6.4666573040929505	8.8812071003460016
F-	water_water_energy	-3	7.8093298103340203	6.6933562581877242	8.9253033624803173
F-	water_water_energy	-2	9.2377970353272758	7.9478420411180677	10.527752029536483
F-	water_water_energy	-1	11.124089751458087	9.3169609672484039	12.931218535667769
F-	water_water_energy	0	11.529120254782356	10.033416223723391	13.024824285841321
F-	water_water_energy	1	15.544038216922672	13.022848760720207	18.065227673125136
F-	water_water_energy	2	19.227018475028672	18.325901987251324	20.128134962806019
F-	water_water_energy	3	24.017716380700222	21.417294632936922	26.618138128463521
F-	water_water_energy	4	25.408930389346096	21.53765341938638	29.280207359305813
I-	free_energy	-10	0	-0.31813496744362024	0.31813496744362024
I-	free_energy	-9	0.10461999999999994	-0.13222807795586511	0.34146807795586498
I-	free_energy	-8	0.2109876666666668	0.0044986085791272057	0.41747672475420639
I-	free_energy	-7	0.32412733333333321	0.15226269267699855	0.49599197398966788
I-	free_energy	-6	0.40312499999999996	0.18844453272044137	0.61780546727955876
I-	free_energy	-5	0.39594933333333349	0.18983031324920052	0.60206835341746645
I-	free_energy	-4	0.12299566666666695	-0.09983652750355354	0.34582786083688744
I-	free_energy	-3	-0.28769899999999993	-0.50814623307881501	-0.067251766921184952
I-	free_energy	-2	-0.53474333333333324	-0.7434643773074	-0.32602228935926636
I-	free_energy	-1	-0.44916966666666669	-0.59372119552198255	-0.30461813781135083
I-	free_energy	0	0.043807666666666689	-0.0040112689998685891	0.091626602333201967
I-	free_energy	1	1.0372249999999998	0.92199868858946399	1.1524513114105357
I-	free_energy	2	2.5698179999999997	2.384762343905503	2.7548736560944969
I-	free_energy	3	4.5517830000000004	4.3802858006777869	4.7232801993222138
I-	free_energy	4	6.9495946666666661	6.7883926295086052	7.1107967038247271
I-	minus_T_entropy	-10	0	-1.963805395768262	1.963805395768262
I-	minus_T_entropy	-9	0.76229980429252464	-1.0086770335725759	2.5332766421576252
I-	minus_T_entropy	-8	0.95346366846206365	-0.49894876016885892	2.4058760970929862
I-	minus_T_entropy	-7	-0.56498053516952496	-2.3902417554247437	1.260280685085694
I-	minus_T_entropy	-6	1.0387007869148874	0.18627879391623592	1.8911227799135388
I-	minus_T_entropy	-5	0.63089439904979372	-0.65054126531752066	1.9123300634171081
I-	minus_T_entropy	-4	1.6767102990634157	-0.3462419052730028	3.6996625033998343
I-	minus_T_entropy	-3	2.4115325036227659	1.1206103312721925	3.7024546759733394
I-	minus_T_entropy	-2	3.114140376161231	1.673079878123038	4.5552008741994241
I-	minus_T_entropy	-1	3.4543776535310826	2.3985737761158124	4.5101815309463529
I-	minus_T_entropy	0	3.2001199346241265	2.3557557272349348	4.0444841420133182
I-	minus_T_entropy	1	2.4778399756241924	1.8148238284809883	3.1408561227673966
I-	minus_T_entropy	2	-0.1630505002440259	-1.757595985594516	1.4314949851064642
I-	minus_T_entropy	3	-1.6292722622365545	-2.7537478719515889	-0.50479665252152017
I-	minus_T_entropy	4	-2.4626841144026912	-3.5821160451434446	-1.3432521836619378
I-	internal_energy	-10	0	-1.9378652623281596	1.9378652623281596
I-	internal_energy	-9	-0.65767980429245654	-2.412747309610495	1.0973877010255819
I-	internal_energy	-8	-0.74247600179569417	-2.1801352561851672	0.69518325259377889
I-	internal_energy	-7	0.8891078685028333	-0.92804404244452599	2.7062597794501926
I-	internal_energy	-6	-0.63557578691506933	-1.4605215736892205	0.18936999985908187
I-	internal_energy	-5	-0.23494506571660168	-1.4996949664764543	1.0298048350432509
I-	internal_energy	-4	-1.5537146323968045	-3.5643566776825537	0.45692741288894467
I-	internal_energy	-3	-2.6992315036231957	-3.9711918302427875	-1.427271177003604
I-	internal_energy	-2	-3.6488837094948394	-5.0747486697237036	-2.2230187492659752
I-	internal_energy	-1	-3.9035473201975037	-4.9494090142425193	-2.8576856261524881
I-	internal_energy	0	-3.1563122679572189	-3.9993213213556373	-2.3133032145588004
I-	internal_energy	1	-1.4406149756241575	-2.0935417008631703	-0.78768825038514478
I-	internal_energy	2	2.732868500243967	1.1490977753601328	4.3166392251278012
I-	internal_energy	3	6.1810552622364412	5.0697343781221207	7.2923761463507617
I-	internal_energy	4	9.4122787810692898	8.3045144781699491	10.520043083968631
I-	ion_water_energy	-10	0	-0.16324836029095477	0.16324836029095477
I-	ion_water_energy	-9	-0.44899895912864451	-0.64552905176361774	-0.25246886649367128
I-	ion_water_energy	-8	-0.9406494783286945	-1.1403180876087824	-0.74098086904860661
I-	ion_water_energy	-7	-1.566832693354911	-1.734204656949115	-1.3994607297607071
I-	ion_water_energy	-6	-2.2827794420090015	-2.484063126109485	-2.081495757908518
I-	ion_water_energy	-5	-2.2012868079934123	-2.3345189055949693	-2.0680547103918552
I-	ion_water_energy	-4	-1.9049047453223835	-2.061756973847928	-1.748052516796839
I-	ion_water_energy	-3	-1.088270323603453	-1.3353887930139923	-0.84115185419291372
I-	ion_water_energy	-2	-0.20746547461914133	-0.34703430654298062	-0.067896642695302017
I-	ion_water_energy	-1	0.48647890712373965	0.21239302899236828	0.76056478525511095
I-	ion_water_energy	0	1.6736853082000636	1.4680200078667602	1.8793506085333669
I-	ion_water_energy	1	3.1977479966936642	2.9088986647174715	3.4865973286698568
I-	ion_water_energy	2	4.5538523800219934	4.2151224218366714	4.8925823382073155
I-	ion_water_energy	3	5.4857245687676226	4.9683801510828562	6.003068986452389
I-	ion_water_energy	4	5.788291848421494	5.5602051364282739	6.0163785604147142
I-	water_water_energy	-10	0	-1.8369008262120583	1.8369008262120583
I-	water_water_energy	-9	0.066739462890836876	-1.8139719350357411	1.9474508608174148
I-	water_water_energy	-8	-0.16932361836188647	-1.5012097516642051	1.1625625149404322
I-	water_water_energy	-7	2.1242092059765127	0.22931249767022099	4.0191059142828047
I-	water_water_energy	-6	1.4686288666480323	0.83397156060994082	2.1032861726861238
I-	water_water_energy	-5	1.8717179276309253	0.6442950247422532	3.0991408305195973
I-	water_water_energy	-4	-0.22464827153453371	-2.323248359068697	1.8739518159996296
I-	water_water_energy	-3	-1.6389990028956163	-3.2225418163380448	-0.055456189453187754
I-	water_water_energy	-2	-3.6519173805472747	-4.6864943874057099	-2.6173403736888394
I-	water_water_energy	-1	-4.2249174962353209	-5.3796587442469823	-3.0701762482236594
I-	water_water_energy	0	-5.1976821160687905	-5.909790689059192	-4.485573543078389
I-	water_water_energy	1	-4.5077570277999257	-5.2345300020511978	-3.7809840535486536
I-	water_water_energy	2	-1.8989608583488007	-3.6480999220614683	-0.14982179463613288
I-	water_water_energy	3	0.9153471148429162	0.12391318348486313	1.7067810462009692
I-	water_water_energy	4	3.3414929765540364	1.933652141642294	4.749333811465779
