ion	mb_nrg_kcal_mol	mb_nrg_uncertainty_kcal_mol	mb_nrg_nqe_kcal_mol	mb_nrg_nqe_uncertainty_kcal_mol	experiment_lower_kcal_mol	experiment_upper_kcal_mol
Li+	-126.03864364438624	0.18532338114759242	-124.78099035319599	1.0764465072353762	-128.40000000000001	-113.53
Na+	-99.798643644386232	0.15971773727415445	-97.647990353195979	1.0400639802143139	-103.2	-87.239999999999995
K+	-80.620643644386234	0.15655591844441979	-80.561990353195981	1.0427066140287213	-86	-70.510000000000005
Rb+	-75.302643644386237	0.16131260211147738	-74.657990353195984	1.0374300376118097	-80.599999999999994	-65.730000000000004
Cs+	-70.647643644386235	0.16859642819459678	-70.531990353195994	1.2256725023183153	-75.099999999999994	-59.75
F-	-116.57835635561375	0.20881991188575819	-115.43500964680401	1.0895953757882972	-119.73999999999999	-101.51000000000001
Cl-	-83.930356355613768	0.23398665688448095	-83.638009646804022	1.050686005873896	-89.150000000000006	-72.700000000000003
Br-	-76.439356355613768	0.21683347435296013	-76.83700964680402	1.0587412728987384	-82.689999999999998	-66.299999999999997
I-	-69.035356355613757	0.21415357947037872	-69.193009646804015	1.0513544040613712	-74.329999999999998	-57.399999999999999
