z_A	relative_density
-68.698803564884614	6.9955182046702078e-06
-67.701242319384619	5.8295985038918404e-06
-66.70368107388461	5.8295985038918404e-06
-65.706119828384615	6.9955182046702078e-06
-64.708558582884621	2.3318394015567361e-06
-63.710997337384612	4.6636788031134721e-06
-62.713436091884617	6.9955182046702078e-06
-61.715874846384622	3.4977591023351039e-06
-60.718313600884613	4.6636788031134721e-06
-59.720752355384619	4.6636788031134721e-06
-58.723191109884617	4.6636788031134721e-06
-57.725629864384615	6.9955182046702078e-06
-56.72806861888462	2.3318394015567361e-06
-55.730507373384611	3.4977591023351039e-06
-54.732946127884617	3.4977591023351039e-06
-53.735384882384615	6.9955182046702078e-06
-52.737823636884613	4.6636788031134721e-06
-51.740262391384618	3.4977591023351039e-06
-50.742701145884617	4.6636788031134721e-06
-49.745139900384615	4.6636788031134721e-06
-48.747578654884613	3.4977591023351039e-06
-47.750017409384611	5.8295985038918404e-06
-46.752456163884617	4.6636788031134721e-06
-45.754894918384615	1.0493277307005312e-05
-44.757333672884613	1.8654715212453889e-05
-43.759772427384618	5.9461904739696768e-05
-42.762211181884616	0.00029964136310004055
-41.764649936384615	0.0028413463107968828
-40.767088690884613	0.021566016705297474
-39.769527445384611	0.10624443273342879
-38.771966199884616	0.32160962210210658
-37.774404954384615	0.6409911716560257
-36.776843708884613	0.90048175802036157
-35.779282463384618	0.97554250243677221
-34.781721217884609	0.97744295154904093
-33.784159972384614	0.99269784491402513
-32.786598726884613	1
-31.789037481384614	0.99162286694990742
-30.791476235884613	0.99064349440125354
-29.793914990384611	0.99832923706878463
-28.796353744884613	0.99529784584676084
-27.798792499384614	0.9955263661081134
-26.801231253884612	0.99602421382034578
-25.803670008384611	0.9967820616258517
-24.806108762884612	0.99699309309169259
-23.808547517384614	0.99680071634106415
-22.810986271884612	0.9996094169002393
-21.813425026384611	0.99417623109461206
-20.815863780884609	0.99562780112208116
-19.818302535384611	0.99767632203634871
-18.820741289884612	0.9952407157814227
-17.82318004438461	0.99626089551960373
-16.825618798884609	0.99424268851755637
-15.82805755338461	0.99533632119688653
-14.830496307884612	0.99427533426917825
-13.83293506238461	0.99509147805972309
-12.835373816884609	0.99343936984372017
-11.83781257138461	0.9901060054191948
-10.840251325884612	0.9835873483721429
-9.8426900803846102	0.98697084734380169
-8.8451288348846084	0.98398376107040753
-7.8475675893846102	0.97992752643139958
-6.8500063438846119	0.97776591130615653
-5.8524450983846101	0.98277703418010198
-4.8548838528846083	0.98107012773816238
-3.8573226073846101	0.96769819468993534
-2.8597613618846083	0.96228366359952056
-1.8622001163846065	0.9226284027366467
-0.86463887088461178	0.75028448440698992
0.13292237461539003	0.46151998619551077
1.1304836201153918	0.21235361878156728
2.1280448656153936	0.078984064209529761
3.1256061111153954	0.031494988877126054
4.1231673566153901	0.0161748040088983
5.1207286021153919	0.0092387477089677875
6.1182898476153937	0.0044549791766741445
7.1158510931153884	0.0015658301581453482
8.1134123386153902	0.00037892390275296958
9.110973584115392	0.00011192829127472332
10.108534829615394	3.6143510724129406e-05
11.106096075115396	2.3318394015567362e-05
12.10365732061539	9.3273576062269443e-06
13.101218566115392	0
14.098779811615394	1.165919700778368e-06
15.096341057115396	8.1614379054485752e-06
16.093902302615398	0
17.091463548115392	5.8295985038918404e-06
18.089024793615394	3.4977591023351039e-06
19.086586039115396	2.3318394015567361e-06
20.084147284615391	4.6636788031134721e-06
21.081708530115392	8.1614379054485752e-06
22.079269775615394	2.3318394015567361e-06
23.076831021115396	6.9955182046702078e-06
24.074392266615398	2.3318394015567361e-06
25.071953512115392	3.4977591023351039e-06
26.069514757615394	5.8295985038918404e-06
27.067076003115396	6.9955182046702078e-06
28.064637248615398	3.4977591023351039e-06
29.0621984941154	4.6636788031134721e-06
30.059759739615387	6.9955182046702078e-06
