ion	method	rmse_kcal_mol
F-	PBE	0.59650000000000003
F-	B3LYP	0.14380000000000001
F-	PBE0-D3	0.43940000000000001
F-	ωB97X-D	0.1225
F-	MB-nrg	0.076600000000000001
Cl-	PBE	0.29010000000000002
Cl-	B3LYP	0.23100000000000001
Cl-	PBE0-D3	0.1976
Cl-	ωB97X-D	0.22800000000000001
Cl-	MB-nrg	0.059900000000000002
Br-	PBE	0.31690000000000002
Br-	B3LYP	0.28710000000000002
Br-	PBE0-D3	0.27029999999999998
Br-	ωB97X-D	0.1794
Br-	MB-nrg	0.0292
I-	PBE	0.27629999999999999
I-	B3LYP	0.217
I-	PBE0-D3	0.26329999999999998
I-	ωB97X-D	0.1188
I-	MB-nrg	0.024
Li+	PBE	0.63505
Li+	B3LYP	0.45683000000000001
Li+	PBE0-D3	0.67086000000000001
Li+	ωB97X-D	0.60180999999999996
Li+	MB-nrg	0.23293
Na+	PBE	0.56984000000000001
Na+	B3LYP	0.29494999999999999
Na+	PBE0-D3	0.65424000000000004
Na+	ωB97X-D	0.57865
Na+	MB-nrg	0.092840000000000006
K+	PBE	0.23305999999999999
K+	B3LYP	0.39844000000000002
K+	PBE0-D3	0.44461000000000001
K+	ωB97X-D	0.41616999999999998
K+	MB-nrg	0.14260999999999999
Rb+	PBE	0.29752000000000001
Rb+	B3LYP	0.60477999999999998
Rb+	PBE0-D3	0.44818999999999998
Rb+	ωB97X-D	0.41843000000000002
Rb+	MB-nrg	0.051506690000000001
Cs+	PBE	0.28448000000000001
Cs+	B3LYP	0.80249999999999999
Cs+	PBE0-D3	0.37018000000000001
Cs+	ωB97X-D	0.59882000000000002
Cs+	MB-nrg	0.051450940000000001
