ion	edge	series	k_A_1	k2_chi_A_2
Cl-	K	MB-nrg	2	-0.86421250942988515
Cl-	K	MB-nrg	2.0499999999999998	-0.71464828535137037
Cl-	K	MB-nrg	2.1000000000000001	-0.52597563591146612
Cl-	K	MB-nrg	2.1499999999999999	-0.31332691156391096
Cl-	K	MB-nrg	2.2000000000000002	-0.092750435136723666
Cl-	K	MB-nrg	2.25	0.15513542408219644
Cl-	K	MB-nrg	2.2999999999999998	0.38096738669362795
Cl-	K	MB-nrg	2.3500000000000001	0.56905020234670756
Cl-	K	MB-nrg	2.3999999999999999	0.70892173227257071
Cl-	K	MB-nrg	2.4500000000000002	0.8025837553295746
Cl-	K	MB-nrg	2.5	0.83938371849812587
Cl-	K	MB-nrg	2.5499999999999998	0.82282596435073163
Cl-	K	MB-nrg	2.6000000000000001	0.7613173304693418
Cl-	K	MB-nrg	2.6499999999999999	0.69164880562222197
Cl-	K	MB-nrg	2.7000000000000002	0.59088315473024344
Cl-	K	MB-nrg	2.75	0.46758162559695055
Cl-	K	MB-nrg	2.7999999999999998	0.33107368342716637
Cl-	K	MB-nrg	2.8500000000000001	0.18572236694649619
Cl-	K	MB-nrg	2.8999999999999999	0.040105899333453612
Cl-	K	MB-nrg	2.9500000000000002	-0.0976315157483508
Cl-	K	MB-nrg	3	-0.22070143455625146
Cl-	K	MB-nrg	3.0499999999999998	-0.33278819074264698
Cl-	K	MB-nrg	3.1000000000000001	-0.42065857222226755
Cl-	K	MB-nrg	3.1499999999999999	-0.48177505015926714
Cl-	K	MB-nrg	3.2000000000000002	-0.51544884650702527
Cl-	K	MB-nrg	3.25	-0.52610448145464428
Cl-	K	MB-nrg	3.2999999999999998	-0.50969806325340428
Cl-	K	MB-nrg	3.3500000000000001	-0.46920342014034161
Cl-	K	MB-nrg	3.3999999999999999	-0.40842877396434774
Cl-	K	MB-nrg	3.4500000000000002	-0.33046247778983667
Cl-	K	MB-nrg	3.5	-0.23978790161999822
Cl-	K	MB-nrg	3.5499999999999998	-0.14151774336613748
Cl-	K	MB-nrg	3.6000000000000001	-0.040796264354518691
Cl-	K	MB-nrg	3.6499999999999999	0.059417479119826422
Cl-	K	MB-nrg	3.7000000000000002	0.15248379700862424
Cl-	K	MB-nrg	3.75	0.23385085350836296
Cl-	K	MB-nrg	3.7999999999999998	0.29949598414980932
Cl-	K	MB-nrg	3.8500000000000001	0.34806852247800363
Cl-	K	MB-nrg	3.8999999999999999	0.37548749827550182
Cl-	K	MB-nrg	3.9500000000000002	0.38059988142090351
Cl-	K	MB-nrg	4	0.36350456032855566
Cl-	K	MB-nrg	4.0499999999999998	0.32644176682733356
Cl-	K	MB-nrg	4.0999999999999996	0.27079635295767834
Cl-	K	MB-nrg	4.1500000000000004	0.20038924358533233
Cl-	K	MB-nrg	4.2000000000000002	0.12002929748930369
Cl-	K	MB-nrg	4.25	0.035087969572517912
Cl-	K	MB-nrg	4.2999999999999998	-0.048936577241199701
Cl-	K	MB-nrg	4.3499999999999996	-0.12635303829783809
Cl-	K	MB-nrg	4.4000000000000004	-0.19201475608224916
Cl-	K	MB-nrg	4.4500000000000002	-0.24223789466411555
Cl-	K	MB-nrg	4.5	-0.2737909863536464
Cl-	K	MB-nrg	4.5499999999999998	-0.28516582269180707
Cl-	K	MB-nrg	4.5999999999999996	-0.27644537277174275
Cl-	K	MB-nrg	4.6500000000000004	-0.2500810350151686
Cl-	K	MB-nrg	4.7000000000000002	-0.2080436402027365
Cl-	K	MB-nrg	4.75	-0.15423182736761723
Cl-	K	MB-nrg	4.7999999999999998	-0.093271037007717036
Cl-	K	MB-nrg	4.8499999999999996	-0.030408789307049669
Cl-	K	MB-nrg	4.9000000000000004	0.030499896036260039
Cl-	K	MB-nrg	4.9500000000000002	0.085153390591163447
Cl-	K	MB-nrg	5	0.12999316074852063
Cl-	K	MB-nrg	5.0499999999999998	0.16316545663944954
Cl-	K	MB-nrg	5.0999999999999996	0.18275916736540088
Cl-	K	MB-nrg	5.1500000000000004	0.18829251955621237
Cl-	K	MB-nrg	5.2000000000000002	0.18035532920588865
Cl-	K	MB-nrg	5.25	0.16109405079252753
Cl-	K	MB-nrg	5.2999999999999998	0.13184113595620189
Cl-	K	MB-nrg	5.3499999999999996	0.095288310433135015
Cl-	K	MB-nrg	5.4000000000000004	0.054457954865411655
Cl-	K	MB-nrg	5.4500000000000002	0.012298036643360297
Cl-	K	MB-nrg	5.5	-0.028436112526820361
Cl-	K	MB-nrg	5.5499999999999998	-0.065037824045666576
Cl-	K	MB-nrg	5.5999999999999996	-0.095233959559549802
Cl-	K	MB-nrg	5.6500000000000004	-0.11782790520386667
Cl-	K	MB-nrg	5.7000000000000002	-0.13138300473378486
Cl-	K	MB-nrg	5.75	-0.13539140873209646
Cl-	K	MB-nrg	5.7999999999999998	-0.13000258751159038
Cl-	K	MB-nrg	5.8499999999999996	-0.11631663491267102
Cl-	K	MB-nrg	5.9000000000000004	-0.095153097873341627
Cl-	K	MB-nrg	5.9500000000000002	-0.068252844458947262
Cl-	K	MB-nrg	6	-0.037698487211874063
Cl-	K	MB-nrg	6.0499999999999998	-0.0054633112609172212
Cl-	K	MB-nrg	6.0999999999999996	0.026235989981774292
Cl-	K	MB-nrg	6.1500000000000004	0.055139142417827948
Cl-	K	MB-nrg	6.2000000000000002	0.079248725587615726
Cl-	K	MB-nrg	6.25	0.096984058877085014
Cl-	K	MB-nrg	6.2999999999999998	0.10729912712649854
Cl-	K	MB-nrg	6.3499999999999996	0.10975252423647217
Cl-	K	MB-nrg	6.4000000000000004	0.10452321586609074
Cl-	K	MB-nrg	6.4500000000000002	0.092372157582631911
Cl-	K	MB-nrg	6.5	0.074555409918254226
Cl-	K	MB-nrg	6.5499999999999998	0.052789398917102097
Cl-	K	MB-nrg	6.5999999999999996	0.028347455675327839
Cl-	K	MB-nrg	6.6500000000000004	0.0031776734307840007
Cl-	K	MB-nrg	6.7000000000000002	-0.020816815299761208
Cl-	K	MB-nrg	6.75	-0.041936931895294155
Cl-	K	MB-nrg	6.7999999999999998	-0.058819785346212052
Cl-	K	MB-nrg	6.8499999999999996	-0.070531306432528015
Cl-	K	MB-nrg	6.9000000000000004	-0.076611817371010416
Cl-	K	MB-nrg	6.9500000000000002	-0.077073321522946783
Cl-	K	MB-nrg	7	-0.072353680611564414
Cl-	K	MB-nrg	7.0499999999999998	-0.063836084843060442
Cl-	K	MB-nrg	7.0999999999999996	-0.051659299372945638
Cl-	K	MB-nrg	7.1500000000000004	-0.036937122171142471
Cl-	K	MB-nrg	7.2000000000000002	-0.020863771206045011
Cl-	K	MB-nrg	7.25	-0.004619109352744552
Cl-	K	MB-nrg	7.2999999999999998	0.010713088810368259
Cl-	K	MB-nrg	7.3499999999999996	0.024209836037495498
Cl-	K	MB-nrg	7.4000000000000004	0.035154415119723691
Cl-	K	MB-nrg	7.4500000000000002	0.043061907426788427
Cl-	K	MB-nrg	7.5	0.047685514416819723
Cl-	K	MB-nrg	7.5499999999999998	0.049402640631683231
Cl-	K	MB-nrg	7.5999999999999996	0.047955646640993652
Cl-	K	MB-nrg	7.6500000000000004	0.043643159389304936
Cl-	K	MB-nrg	7.7000000000000002	0.03691277539139403
Cl-	K	MB-nrg	7.75	0.028323580334140598
Cl-	K	MB-nrg	7.7999999999999998	0.018508782388791511
Cl-	K	MB-nrg	7.8499999999999996	0.0081393965244402552
Cl-	K	MB-nrg	7.9000000000000004	-0.0021118897677548697
Cl-	K	MB-nrg	7.9500000000000002	-0.011607710772629648
Cl-	K	MB-nrg	8	-0.019783496410674645
Cl-	K	Experiment	2.0144927536231885	-0.37773666358310187
Cl-	K	Experiment	2.0724637681159419	-0.17819148936170226
Cl-	K	Experiment	2.1304347826086953	0.021353684859697797
Cl-	K	Experiment	2.1884057971014492	0.20494141227258711
Cl-	K	Experiment	2.2463768115942027	0.37257169287696568
Cl-	K	Experiment	2.2898550724637681	0.49762950971322839
Cl-	K	Experiment	2.347826086956522	0.63866404563675594
Cl-	K	Experiment	2.4202898550724639	0.69461147086031427
Cl-	K	Experiment	2.5362318840579712	0.63093586185630568
Cl-	K	Experiment	2.5942028985507246	0.56984273820536524
Cl-	K	Experiment	2.6521739130434785	0.45555812519272265
Cl-	K	Experiment	2.6811594202898554	0.33325624421831623
Cl-	K	Experiment	2.7536231884057973	0.22962920135676845
Cl-	K	Experiment	2.8260869565217392	0.10206598828245439
Cl-	K	Experiment	2.9130434782608701	-0.046754548257786022
Cl-	K	Experiment	3.0579710144927539	-0.26730650632130737
Cl-	K	Experiment	3.2028985507246386	-0.45860314523589274
Cl-	K	Experiment	3.27536231884058	-0.48776210299105749
Cl-	K	Experiment	3.4347826086956523	-0.37052883132901626
Cl-	K	Experiment	3.5217391304347823	-0.26137064446500169
Cl-	K	Experiment	3.579710144927537	-0.12831483194572946
Cl-	K	Experiment	3.6521739130434785	0.044653869873573671
Cl-	K	Experiment	3.7391304347826093	0.17774822695035453
Cl-	K	Experiment	3.8985507246376825	0.34551341350601283
Cl-	K	Experiment	3.9565217391304355	0.36154794942954027
Cl-	K	Experiment	4.1449275362318847	0.23147934011717541
Cl-	K	Experiment	4.2608695652173916	0.077378199198273157
Cl-	K	Experiment	4.3188405797101455	-0.028927690410114115
Cl-	K	Experiment	4.4492753623188408	-0.14577551649707088
Cl-	K	Experiment	4.579710144927537	-0.20943185322232516
Cl-	K	Experiment	4.666666666666667	-0.18538004933703367
Cl-	K	Experiment	4.7971014492753632	-0.086802343509096547
Cl-	K	Experiment	4.8695652173913055	0.001059975331482832
Cl-	K	Experiment	4.9855072463768124	0.081001387604070052
Cl-	K	Experiment	5.1739130434782625	0.14242213999383269
Cl-	K	Experiment	5.4347826086956532	0.031066913351834424
Cl-	K	Experiment	5.6376811594202909	-0.07770582793709524
Cl-	K	Experiment	5.7246376811594208	-0.090888066604995377
Cl-	K	Experiment	5.8985507246376825	-0.050763182238668048
Cl-	K	Experiment	6.0434782608695663	0.0079401788467465817
Cl-	K	Experiment	6.3333333333333348	0.072155411655874024
Cl-	K	Experiment	6.579710144927537	0.035248997841504703
Cl-	K	Experiment	6.8115942028985526	-0.020293709528214743
Cl-	K	Experiment	7.1739130434782634	-0.0065140302189332644
Cl-	K	Experiment	7.492753623188408	0.025824853530681313
Cl-	K	Experiment	7.9130434782608727	-0.016169441874807511
Br-	K	MB-nrg	2	-0.44553392772878403
Br-	K	MB-nrg	2.0499999999999998	-0.32882027557529014
Br-	K	MB-nrg	2.1000000000000001	-0.19613443624581772
Br-	K	MB-nrg	2.1499999999999999	-0.058589541630309952
Br-	K	MB-nrg	2.2000000000000002	0.073509270766080298
Br-	K	MB-nrg	2.25	0.20709451579526428
Br-	K	MB-nrg	2.2999999999999998	0.31603581898844146
Br-	K	MB-nrg	2.3500000000000001	0.39497347156175433
Br-	K	MB-nrg	2.3999999999999999	0.44199735686361602
Br-	K	MB-nrg	2.4500000000000002	0.4666839515122167
Br-	K	MB-nrg	2.5	0.46502107690532674
Br-	K	MB-nrg	2.5499999999999998	0.43985690762998236
Br-	K	MB-nrg	2.6000000000000001	0.39533311524097325
Br-	K	MB-nrg	2.6499999999999999	0.34500028395521537
Br-	K	MB-nrg	2.7000000000000002	0.27962857112052425
Br-	K	MB-nrg	2.75	0.20361576926464367
Br-	K	MB-nrg	2.7999999999999998	0.12171372425417762
Br-	K	MB-nrg	2.8500000000000001	0.034111638080858112
Br-	K	MB-nrg	2.8999999999999999	-0.051643023310777414
Br-	K	MB-nrg	2.9500000000000002	-0.1309192215896037
Br-	K	MB-nrg	3	-0.19976981160533364
Br-	K	MB-nrg	3.0499999999999998	-0.26004671535702167
Br-	K	MB-nrg	3.1000000000000001	-0.30410216125888206
Br-	K	MB-nrg	3.1499999999999999	-0.33030790235295215
Br-	K	MB-nrg	3.2000000000000002	-0.33814519481744076
Br-	K	MB-nrg	3.25	-0.32962622557553883
Br-	K	MB-nrg	3.2999999999999998	-0.30298199502558126
Br-	K	MB-nrg	3.3500000000000001	-0.26038340165515089
Br-	K	MB-nrg	3.3999999999999999	-0.20477468558433934
Br-	K	MB-nrg	3.4500000000000002	-0.13817077685432641
Br-	K	MB-nrg	3.5	-0.06536451347731155
Br-	K	MB-nrg	3.5499999999999998	0.0091467751299269626
Br-	K	MB-nrg	3.6000000000000001	0.080830367945274303
Br-	K	MB-nrg	3.6499999999999999	0.14693619826642923
Br-	K	MB-nrg	3.7000000000000002	0.20175943065925339
Br-	K	MB-nrg	3.75	0.24202240491253432
Br-	K	MB-nrg	3.7999999999999998	0.26544519035347514
Br-	K	MB-nrg	3.8500000000000001	0.27173036399207312
Br-	K	MB-nrg	3.8999999999999999	0.25983515815013436
Br-	K	MB-nrg	3.9500000000000002	0.23119188174252953
Br-	K	MB-nrg	4	0.18841605763369731
Br-	K	MB-nrg	4.0499999999999998	0.13501954982916653
Br-	K	MB-nrg	4.0999999999999996	0.07497141271168449
Br-	K	MB-nrg	4.1500000000000004	0.012877135734506598
Br-	K	MB-nrg	4.2000000000000002	-0.046715959288317746
Br-	K	MB-nrg	4.25	-0.10006298128891179
Br-	K	MB-nrg	4.2999999999999998	-0.14347438691268644
Br-	K	MB-nrg	4.3499999999999996	-0.17441118862619101
Br-	K	MB-nrg	4.4000000000000004	-0.19142134548734716
Br-	K	MB-nrg	4.4500000000000002	-0.19457348539980318
Br-	K	MB-nrg	4.5	-0.18415636868369184
Br-	K	MB-nrg	4.5499999999999998	-0.16180128158739071
Br-	K	MB-nrg	4.5999999999999996	-0.12988990060136724
Br-	K	MB-nrg	4.6500000000000004	-0.091510736981340768
Br-	K	MB-nrg	4.7000000000000002	-0.0494211405994327
Br-	K	MB-nrg	4.75	-0.0067935656045459555
Br-	K	MB-nrg	4.7999999999999998	0.033367106267071435
Br-	K	MB-nrg	4.8499999999999996	0.068637448723779498
Br-	K	MB-nrg	4.9000000000000004	0.096895482568723934
Br-	K	MB-nrg	4.9500000000000002	0.11656617284486759
Br-	K	MB-nrg	5	0.12674615387757521
Br-	K	MB-nrg	5.0499999999999998	0.12774414005774454
Br-	K	MB-nrg	5.0999999999999996	0.11948244142252323
Br-	K	MB-nrg	5.1500000000000004	0.10298507948519831
Br-	K	MB-nrg	5.2000000000000002	0.079842696400487176
Br-	K	MB-nrg	5.25	0.052157726247406458
Br-	K	MB-nrg	5.2999999999999998	0.021914861016010614
Br-	K	MB-nrg	5.3499999999999996	-0.0084647165613591993
Br-	K	MB-nrg	5.4000000000000004	-0.036616638194770457
Br-	K	MB-nrg	5.4500000000000002	-0.060842526556099723
Br-	K	MB-nrg	5.5	-0.079151726901255021
Br-	K	MB-nrg	5.5499999999999998	-0.090321661471296097
Br-	K	MB-nrg	5.5999999999999996	-0.093767745963136417
Br-	K	MB-nrg	5.6500000000000004	-0.08996261489733226
Br-	K	MB-nrg	5.7000000000000002	-0.079165474726156926
Br-	K	MB-nrg	5.75	-0.062599954509681838
Br-	K	MB-nrg	5.7999999999999998	-0.041920900621266195
Br-	K	MB-nrg	5.8499999999999996	-0.019042198807761077
Br-	K	MB-nrg	5.9000000000000004	0.0042027642961318659
Br-	K	MB-nrg	5.9500000000000002	0.025906779802169211
Br-	K	MB-nrg	6	0.044414046894435136
Br-	K	MB-nrg	6.0499999999999998	0.059057699169297678
Br-	K	MB-nrg	6.0999999999999996	0.068396396398703291
Br-	K	MB-nrg	6.1500000000000004	0.071904535667410494
Br-	K	MB-nrg	6.2000000000000002	0.069617826469519292
Br-	K	MB-nrg	6.25	0.062111478814973961
Br-	K	MB-nrg	6.2999999999999998	0.050394309272187895
Br-	K	MB-nrg	6.3499999999999996	0.035743844694389765
Br-	K	MB-nrg	6.4000000000000004	0.019527673381384423
Br-	K	MB-nrg	6.4500000000000002	0.0030563781747404116
Br-	K	MB-nrg	6.5	-0.012506120216147212
Br-	K	MB-nrg	6.5499999999999998	-0.02656088834394249
Br-	K	MB-nrg	6.5999999999999996	-0.038063908827661412
Br-	K	MB-nrg	6.6500000000000004	-0.046320509972327117
Br-	K	MB-nrg	6.7000000000000002	-0.050847625422247966
Br-	K	MB-nrg	6.75	-0.051424750947930149
Br-	K	MB-nrg	6.7999999999999998	-0.048148006267271178
Br-	K	MB-nrg	6.8499999999999996	-0.041454359469511488
Br-	K	MB-nrg	6.9000000000000004	-0.032088666750098041
Br-	K	MB-nrg	6.9500000000000002	-0.021008545212378622
Br-	K	MB-nrg	7	-0.0092497016226513306
Br-	K	MB-nrg	7.0499999999999998	0.0023914036236721064
Br-	K	MB-nrg	7.0999999999999996	0.013122788526156186
Br-	K	MB-nrg	7.1500000000000004	0.022219184388503229
Br-	K	MB-nrg	7.2000000000000002	0.02913295978085215
Br-	K	MB-nrg	7.25	0.033496600350917075
Br-	K	MB-nrg	7.2999999999999998	0.035120376311281752
Br-	K	MB-nrg	7.3499999999999996	0.033998515937325939
Br-	K	MB-nrg	7.4000000000000004	0.030325024833257733
Br-	K	MB-nrg	7.4500000000000002	0.024506831786998716
Br-	K	MB-nrg	7.5	0.017154328408097802
Br-	K	MB-nrg	7.5499999999999998	0.0090580537565810183
Br-	K	MB-nrg	7.5999999999999996	0.00095775641718402564
Br-	K	MB-nrg	7.6500000000000004	-0.006318419447040962
Br-	K	MB-nrg	7.7000000000000002	-0.012167770651276768
Br-	K	MB-nrg	7.75	-0.016301674036075978
Br-	K	MB-nrg	7.7999999999999998	-0.018726708424492911
Br-	K	MB-nrg	7.8499999999999996	-0.019636663480631998
Br-	K	MB-nrg	7.9000000000000004	-0.019275052752670021
Br-	K	MB-nrg	7.9500000000000002	-0.017837502496396949
Br-	K	MB-nrg	8	-0.015456328913928962
Br-	K	Experiment	2	-0.33878977199999999
Br-	K	Experiment	2.0499999999999998	-0.23248751109999999
Br-	K	Experiment	2.1000000000000001	-0.12471932466000001
Br-	K	Experiment	2.1499999999999999	-0.01093807706575
Br-	K	Experiment	2.2000000000000002	0.12674406844000002
Br-	K	Experiment	2.25	0.24066924018749999
Br-	K	Experiment	2.2999999999999998	0.32338647610999993
Br-	K	Experiment	2.3500000000000001	0.39143976472750003
Br-	K	Experiment	2.3999999999999999	0.44877292991999995
Br-	K	Experiment	2.4500000000000002	0.48384123054750011
Br-	K	Experiment	2.5	0.49983743124999996
Br-	K	Experiment	2.5499999999999998	0.49054554382499999
Br-	K	Experiment	2.6000000000000001	0.46442927856000005
Br-	K	Experiment	2.6499999999999999	0.42169132861249997
Br-	K	Experiment	2.7000000000000002	0.35650439361000008
Br-	K	Experiment	2.75	0.26594487906250003
Br-	K	Experiment	2.7999999999999998	0.19746469231999997
Br-	K	Experiment	2.8500000000000001	0.082292840707500009
Br-	K	Experiment	2.8999999999999999	-0.018113928960000001
Br-	K	Experiment	2.9500000000000002	-0.12769015513250001
Br-	K	Experiment	3	-0.22954949099999999
Br-	K	Experiment	3.0499999999999998	-0.3118583681649999
Br-	K	Experiment	3.1000000000000001	-0.37092382973000004
Br-	K	Experiment	3.1499999999999999	-0.41266048225499996
Br-	K	Experiment	3.2000000000000002	-0.44018906112000011
Br-	K	Experiment	3.25	-0.44492935256249999
Br-	K	Experiment	3.2999999999999998	-0.42737664518999996
Br-	K	Experiment	3.3500000000000001	-0.39199975905750001
Br-	K	Experiment	3.3999999999999999	-0.33185361359999993
Br-	K	Experiment	3.4500000000000002	-0.25535167634250006
Br-	K	Experiment	3.5	-0.17446461024999999
Br-	K	Experiment	3.5499999999999998	-0.084355395821499993
Br-	K	Experiment	3.6000000000000001	0.010321421112
Br-	K	Experiment	3.6499999999999999	0.097862412799249995
Br-	K	Experiment	3.7000000000000002	0.17410642189
Br-	K	Experiment	3.75	0.23990963906250001
Br-	K	Experiment	3.7999999999999998	0.29173446791999996
Br-	K	Experiment	3.8500000000000001	0.32354435902250006
Br-	K	Experiment	3.8999999999999999	0.33690095244000001
Br-	K	Experiment	3.9500000000000002	0.33000011456000006
Br-	K	Experiment	4	0.298118512
Br-	K	Experiment	4.0499999999999998	0.25736318021249999
Br-	K	Experiment	4.0999999999999996	0.20437362659999997
Br-	K	Experiment	4.1500000000000004	0.13166298478450003
Br-	K	Experiment	4.2000000000000002	0.060815221236
Br-	K	Experiment	4.25	-4.1602534406250005e-05
Br-	K	Experiment	4.2999999999999998	-0.067415619815999986
Br-	K	Experiment	4.3499999999999996	-0.11792520733274997
Br-	K	Experiment	4.4000000000000004	-0.15326218353600005
Br-	K	Experiment	4.4500000000000002	-0.18026310009900004
Br-	K	Experiment	4.5	-0.19759879125000002
Br-	K	Experiment	4.5499999999999998	-0.19806246541899997
Br-	K	Experiment	4.5999999999999996	-0.18420771557599996
Br-	K	Experiment	4.6500000000000004	-0.16038249581475003
Br-	K	Experiment	4.7000000000000002	-0.12590111999800002
Br-	K	Experiment	4.75	-0.086111015418750006
Br-	K	Experiment	4.7999999999999998	-0.047196502272
Br-	K	Experiment	4.8499999999999996	-0.0028898122799749996
Br-	K	Experiment	4.9000000000000004	0.041537746586000013
Br-	K	Experiment	4.9500000000000002	0.091854263877750003
Br-	K	Experiment	5	0.12682914000000001
Br-	K	Experiment	5.0499999999999998	0.13703427406574997
Br-	K	Experiment	5.0999999999999996	0.13395922236899999
Br-	K	Experiment	5.1500000000000004	0.12324153847300001
Br-	K	Experiment	5.2000000000000002	0.10380295016
Br-	K	Experiment	5.25	0.085416190256249996
Br-	K	Experiment	5.2999999999999998	0.063030813919999998
Br-	K	Experiment	5.3499999999999996	0.030152564395749995
Br-	K	Experiment	5.4000000000000004	-0.0042499393632000008
Br-	K	Experiment	5.4500000000000002	-0.040652552364000005
Br-	K	Experiment	5.5	-0.077543566924999988
Br-	K	Experiment	5.5499999999999998	-0.10243428667649999
Br-	K	Experiment	5.5999999999999996	-0.11084654559999998
Br-	K	Experiment	5.6500000000000004	-0.11085396815575001
Br-	K	Experiment	5.7000000000000002	-0.10221003432900001
Br-	K	Experiment	5.75	-0.088379920893749991
Br-	K	Experiment	5.7999999999999998	-0.06907079176
Br-	K	Experiment	5.8499999999999996	-0.049626204673499992
Br-	K	Experiment	5.9000000000000004	-0.029266288893200001
Br-	K	Experiment	5.9500000000000002	-0.0061662930999250003
Br-	K	Experiment	6	0.012702664439999999
Br-	K	Experiment	6.0499999999999998	0.032533360178274996
Br-	K	Experiment	6.0999999999999996	0.050219661600999999
Br-	K	Experiment	6.1500000000000004	0.060692585688000004
Br-	K	Experiment	6.2000000000000002	0.071712814476000017
Br-	K	Experiment	6.25	0.076977761718749996
Br-	K	Experiment	6.2999999999999998	0.073948137731999999
Br-	K	Experiment	6.3499999999999996	0.072034194640999999
Br-	K	Experiment	6.4000000000000004	0.061991981056000012
Br-	K	Experiment	6.4500000000000002	0.042489993651749998
Br-	K	Experiment	6.5	0.027455694792499999
Br-	K	Experiment	6.5499999999999998	0.010120056212499999
Br-	K	Experiment	6.5999999999999996	-0.0025750395554399999
Br-	K	Experiment	6.6500000000000004	-0.014024494577449999
Br-	K	Experiment	6.7000000000000002	-0.0160766976571
Br-	K	Experiment	6.75	-0.026117760892500001
Br-	K	Experiment	6.7999999999999998	-0.034450663934400001
Br-	K	Experiment	6.8499999999999996	-0.036903593254024994
Br-	K	Experiment	6.9000000000000004	-0.034660847949300001
Br-	K	Experiment	6.9500000000000002	-0.031774343787649997
Br-	K	Experiment	7	-0.02310836325
Br-	K	Experiment	7.0499999999999998	-0.015780172969350002
Br-	K	Experiment	7.0999999999999996	-0.013292298845699997
Br-	K	Experiment	7.1500000000000004	-0.0085664802544750014
Br-	K	Experiment	7.2000000000000002	0.00078541550208000011
Br-	K	Experiment	7.25	0.0014358265798750001
Br-	K	Experiment	7.2999999999999998	-0.00026539091986899999
Br-	K	Experiment	7.3499999999999996	-0.0055590940644749988
Br-	K	Experiment	7.4000000000000004	-0.0047208272368400011
Br-	K	Experiment	7.4500000000000002	0.0018736235901575004
Br-	K	Experiment	7.5	0.011101422374999999
Br-	K	Experiment	7.5499999999999998	0.014150293759699999
Br-	K	Experiment	7.5999999999999996	0.013707099532799999
Br-	K	Experiment	7.6500000000000004	0.006554681522100001
Br-	K	Experiment	7.7000000000000002	-0.00064921180401000009
Br-	K	Experiment	7.75	-0.0049663643329375005
Br-	K	Experiment	7.7999999999999998	-0.008979940195199999
Br-	K	Experiment	7.8499999999999996	-0.0038971085155024995
Br-	K	Experiment	7.9000000000000004	-0.0038676699611900002
Br-	K	Experiment	7.9500000000000002	-0.0038786482462725004
Br-	K	Experiment	8	-0.0027540863360000002
I-	L1	MB-nrg	2	-0.14010523929218346
I-	L1	MB-nrg	2.0499999999999998	-0.062569182887710684
I-	L1	MB-nrg	2.1000000000000001	0.01214257918545476
I-	L1	MB-nrg	2.1499999999999999	0.080115653654937363
I-	L1	MB-nrg	2.2000000000000002	0.13862041988870791
I-	L1	MB-nrg	2.25	0.18877647652086998
I-	L1	MB-nrg	2.2999999999999998	0.22808238674511286
I-	L1	MB-nrg	2.3500000000000001	0.25508406586376048
I-	L1	MB-nrg	2.3999999999999999	0.26795013782208343
I-	L1	MB-nrg	2.4500000000000002	0.2753822330412134
I-	L1	MB-nrg	2.5	0.2682238074098906
I-	L1	MB-nrg	2.5499999999999998	0.24612254080930684
I-	L1	MB-nrg	2.6000000000000001	0.21016889006543293
I-	L1	MB-nrg	2.6499999999999999	0.16453226259650633
I-	L1	MB-nrg	2.7000000000000002	0.10861693378038104
I-	L1	MB-nrg	2.75	0.046402779059224734
I-	L1	MB-nrg	2.7999999999999998	-0.017647006093544994
I-	L1	MB-nrg	2.8500000000000001	-0.083571227252815364
I-	L1	MB-nrg	2.8999999999999999	-0.1432366568508697
I-	L1	MB-nrg	2.9500000000000002	-0.19224688338751036
I-	L1	MB-nrg	3	-0.22722133232169447
I-	L1	MB-nrg	3.0499999999999998	-0.24918910045651399
I-	L1	MB-nrg	3.1000000000000001	-0.25301079318742536
I-	L1	MB-nrg	3.1499999999999999	-0.23899440550129664
I-	L1	MB-nrg	3.2000000000000002	-0.20899881146416507
I-	L1	MB-nrg	3.25	-0.1653130624271763
I-	L1	MB-nrg	3.2999999999999998	-0.11136388804410684
I-	L1	MB-nrg	3.3500000000000001	-0.05194249761825704
I-	L1	MB-nrg	3.3999999999999999	0.0080246511953046013
I-	L1	MB-nrg	3.4500000000000002	0.065839468377746735
I-	L1	MB-nrg	3.5	0.11545975566113954
I-	L1	MB-nrg	3.5499999999999998	0.15362889901533971
I-	L1	MB-nrg	3.6000000000000001	0.17834995239627396
I-	L1	MB-nrg	3.6499999999999999	0.18953053235054534
I-	L1	MB-nrg	3.7000000000000002	0.18641689832983727
I-	L1	MB-nrg	3.75	0.17052086756308912
I-	L1	MB-nrg	3.7999999999999998	0.144165840061939
I-	L1	MB-nrg	3.8500000000000001	0.1099411996780288
I-	L1	MB-nrg	3.8999999999999999	0.07067694703822662
I-	L1	MB-nrg	3.9500000000000002	0.029403851723591973
I-	L1	MB-nrg	4	-0.011071883195110422
I-	L1	MB-nrg	4.0499999999999998	-0.048671386274750109
I-	L1	MB-nrg	4.0999999999999996	-0.0809572083891546
I-	L1	MB-nrg	4.1500000000000004	-0.10618770415457188
I-	L1	MB-nrg	4.2000000000000002	-0.12308431708030443
I-	L1	MB-nrg	4.25	-0.13111207403466277
I-	L1	MB-nrg	4.2999999999999998	-0.12971184373398054
I-	L1	MB-nrg	4.3499999999999996	-0.11917146339728552
I-	L1	MB-nrg	4.4000000000000004	-0.1004067633061422
I-	L1	MB-nrg	4.4500000000000002	-0.075018839367924375
I-	L1	MB-nrg	4.5	-0.044914228559717453
I-	L1	MB-nrg	4.5499999999999998	-0.012596475244205986
I-	L1	MB-nrg	4.5999999999999996	0.019206449235122852
I-	L1	MB-nrg	4.6500000000000004	0.047971994529062534
I-	L1	MB-nrg	4.7000000000000002	0.071257110515840522
I-	L1	MB-nrg	4.75	0.087204445646965528
I-	L1	MB-nrg	4.7999999999999998	0.094716182047417136
I-	L1	MB-nrg	4.8499999999999996	0.093886113683924077
I-	L1	MB-nrg	4.9000000000000004	0.084981984425031645
I-	L1	MB-nrg	4.9500000000000002	0.069348643267950996
I-	L1	MB-nrg	5	0.048929928327786122
I-	L1	MB-nrg	5.0499999999999998	0.026019515002165993
I-	L1	MB-nrg	5.0999999999999996	0.0027687854735301094
I-	L1	MB-nrg	5.1500000000000004	-0.018669917389299556
I-	L1	MB-nrg	5.2000000000000002	-0.036526944148807944
I-	L1	MB-nrg	5.25	-0.049851951878969167
I-	L1	MB-nrg	5.2999999999999998	-0.057738290576120184
I-	L1	MB-nrg	5.3499999999999996	-0.060040448747175942
I-	L1	MB-nrg	5.4000000000000004	-0.057113427423738823
I-	L1	MB-nrg	5.4500000000000002	-0.04992709430325859
I-	L1	MB-nrg	5.5	-0.039205561655790845
I-	L1	MB-nrg	5.5499999999999998	-0.026115198840320389
I-	L1	MB-nrg	5.5999999999999996	-0.011886395933755615
I-	L1	MB-nrg	5.6500000000000004	0.002284164298200159
I-	L1	MB-nrg	5.7000000000000002	0.015392813844690441
I-	L1	MB-nrg	5.75	0.026488102890946531
I-	L1	MB-nrg	5.7999999999999998	0.034819235064205326
I-	L1	MB-nrg	5.8499999999999996	0.03998151288958756
I-	L1	MB-nrg	5.9000000000000004	0.041672018780893168
I-	L1	MB-nrg	5.9500000000000002	0.039908374595086456
I-	L1	MB-nrg	6	0.034986286702983323
I-	L1	MB-nrg	6.0499999999999998	0.027825691914838527
I-	L1	MB-nrg	6.0999999999999996	0.018459820153524972
I-	L1	MB-nrg	6.1500000000000004	0.0076353650867487426
I-	L1	MB-nrg	6.2000000000000002	-0.0036671442430547233
I-	L1	MB-nrg	6.25	-0.014332277033909333
I-	L1	MB-nrg	6.2999999999999998	-0.023284024245159605
I-	L1	MB-nrg	6.3499999999999996	-0.029681721080536506
I-	L1	MB-nrg	6.4000000000000004	-0.03306773467283889
I-	L1	MB-nrg	6.4500000000000002	-0.033412975561043605
I-	L1	MB-nrg	6.5	-0.031047593668745679
I-	L1	MB-nrg	6.5499999999999998	-0.026771902090208737
I-	L1	MB-nrg	6.5999999999999996	-0.02065985534168422
I-	L1	MB-nrg	6.6500000000000004	-0.013211913583602512
I-	L1	MB-nrg	6.7000000000000002	-0.0049647699133789367
I-	L1	MB-nrg	6.75	0.0034722628756321851
I-	L1	MB-nrg	6.7999999999999998	0.011409136892245198
I-	L1	MB-nrg	6.8499999999999996	0.01813057032073875
I-	L1	MB-nrg	6.9000000000000004	0.023007781379678374
I-	L1	MB-nrg	6.9500000000000002	0.025621790986070855
I-	L1	MB-nrg	7	0.025844401462232172
I-	L1	MB-nrg	7.0499999999999998	0.02405390784090837
I-	L1	MB-nrg	7.0999999999999996	0.020374861050584253
I-	L1	MB-nrg	7.1500000000000004	0.015362885851870038
I-	L1	MB-nrg	7.2000000000000002	0.009602056630827676
I-	L1	MB-nrg	7.25	0.0036001983779615941
I-	L1	MB-nrg	7.2999999999999998	-0.0022448561086655426
I-	L1	MB-nrg	7.3499999999999996	-0.0076151942339447547
I-	L1	MB-nrg	7.4000000000000004	-0.012221332893637549
I-	L1	MB-nrg	7.4500000000000002	-0.015777925281285417
I-	L1	MB-nrg	7.5	-0.018030254551977088
I-	L1	MB-nrg	7.5499999999999998	-0.018920938462177728
I-	L1	MB-nrg	7.5999999999999996	-0.018328673829542907
I-	L1	MB-nrg	7.6500000000000004	-0.016402118561077383
I-	L1	MB-nrg	7.7000000000000002	-0.013434707558941345
I-	L1	MB-nrg	7.75	-0.0097613381598750035
I-	L1	MB-nrg	7.7999999999999998	-0.0056623463953488782
I-	L1	MB-nrg	7.8499999999999996	-0.0013295103876233029
I-	L1	MB-nrg	7.9000000000000004	0.0030892618410917547
I-	L1	MB-nrg	7.9500000000000002	0.0073990763082931107
I-	L1	MB-nrg	8	0.01128507828960886
I-	L1	Experiment	2	-0.32175100000000001
I-	L1	Experiment	2.0499999999999998	-0.230708
I-	L1	Experiment	2.1000000000000001	-0.14632700000000001
I-	L1	Experiment	2.1499999999999999	-0.034354999999999997
I-	L1	Experiment	2.2000000000000002	0.076323000000000002
I-	L1	Experiment	2.25	0.16989299999999999
I-	L1	Experiment	2.2999999999999998	0.25012400000000001
I-	L1	Experiment	2.3500000000000001	0.32559399999999999
I-	L1	Experiment	2.3999999999999999	0.37708599999999998
I-	L1	Experiment	2.4500000000000002	0.40343400000000001
I-	L1	Experiment	2.5	0.40123300000000001
I-	L1	Experiment	2.5499999999999998	0.385546
I-	L1	Experiment	2.6000000000000001	0.34547499999999998
I-	L1	Experiment	2.6499999999999999	0.30589
I-	L1	Experiment	2.7000000000000002	0.24412
I-	L1	Experiment	2.75	0.17379
I-	L1	Experiment	2.7999999999999998	0.099349000000000007
I-	L1	Experiment	2.8500000000000001	0.019421999999999998
I-	L1	Experiment	2.8999999999999999	-0.055816999999999999
I-	L1	Experiment	2.9500000000000002	-0.132439
I-	L1	Experiment	3	-0.19525400000000001
I-	L1	Experiment	3.0499999999999998	-0.248975
I-	L1	Experiment	3.1000000000000001	-0.28261999999999998
I-	L1	Experiment	3.1499999999999999	-0.29269899999999999
I-	L1	Experiment	3.2000000000000002	-0.286327
I-	L1	Experiment	3.25	-0.26317000000000002
I-	L1	Experiment	3.2999999999999998	-0.22212299999999999
I-	L1	Experiment	3.3500000000000001	-0.163687
I-	L1	Experiment	3.3999999999999999	-0.102842
I-	L1	Experiment	3.4500000000000002	-0.034884999999999999
I-	L1	Experiment	3.5	0.033166000000000001
I-	L1	Experiment	3.5499999999999998	0.093650999999999998
I-	L1	Experiment	3.6000000000000001	0.14272199999999999
I-	L1	Experiment	3.6499999999999999	0.176653
I-	L1	Experiment	3.7000000000000002	0.19908999999999999
I-	L1	Experiment	3.75	0.21615300000000001
I-	L1	Experiment	3.7999999999999998	0.20604700000000001
I-	L1	Experiment	3.8500000000000001	0.17608099999999999
I-	L1	Experiment	3.8999999999999999	0.143149
I-	L1	Experiment	3.9500000000000002	0.091343999999999995
I-	L1	Experiment	4	0.040518999999999999
I-	L1	Experiment	4.0499999999999998	-0.0096399999999999993
I-	L1	Experiment	4.0999999999999996	-0.062
I-	L1	Experiment	4.1500000000000004	-0.110862
I-	L1	Experiment	4.2000000000000002	-0.14424300000000001
I-	L1	Experiment	4.25	-0.15390699999999999
I-	L1	Experiment	4.2999999999999998	-0.16056699999999999
I-	L1	Experiment	4.3499999999999996	-0.16581599999999999
I-	L1	Experiment	4.4000000000000004	-0.16039300000000001
I-	L1	Experiment	4.4500000000000002	-0.13992599999999999
I-	L1	Experiment	4.5	-0.107117
I-	L1	Experiment	4.5499999999999998	-0.066046999999999995
I-	L1	Experiment	4.5999999999999996	-0.019594
I-	L1	Experiment	4.6500000000000004	0.017243000000000001
I-	L1	Experiment	4.7000000000000002	0.046406999999999997
I-	L1	Experiment	4.75	0.085088999999999998
I-	L1	Experiment	4.7999999999999998	0.111565
I-	L1	Experiment	4.8499999999999996	0.122102
I-	L1	Experiment	4.9000000000000004	0.12046
I-	L1	Experiment	4.9500000000000002	0.11840000000000001
I-	L1	Experiment	5	0.1216
I-	L1	Experiment	5.0499999999999998	0.094254000000000004
I-	L1	Experiment	5.0999999999999996	0.056151
I-	L1	Experiment	5.1500000000000004	0.035818999999999997
I-	L1	Experiment	5.2000000000000002	0.016122000000000001
I-	L1	Experiment	5.25	-0.018998000000000001
I-	L1	Experiment	5.2999999999999998	-0.049229000000000002
I-	L1	Experiment	5.3499999999999996	-0.055044000000000003
I-	L1	Experiment	5.4000000000000004	-0.066178000000000001
I-	L1	Experiment	5.4500000000000002	-0.060408999999999997
I-	L1	Experiment	5.5	-0.062176000000000002
I-	L1	Experiment	5.5499999999999998	-0.056979000000000002
I-	L1	Experiment	5.5999999999999996	-0.035432999999999999
I-	L1	Experiment	5.6500000000000004	-0.022282
I-	L1	Experiment	5.7000000000000002	-0.0084440000000000001
I-	L1	Experiment	5.75	0.019345000000000001
I-	L1	Experiment	5.7999999999999998	0.024889000000000001
I-	L1	Experiment	5.8499999999999996	0.038525999999999998
I-	L1	Experiment	5.9000000000000004	0.036539000000000002
I-	L1	Experiment	5.9500000000000002	0.048071999999999997
I-	L1	Experiment	6	0.050270000000000002
I-	L1	Experiment	6.0499999999999998	0.039163000000000003
I-	L1	Experiment	6.0999999999999996	0.034803000000000001
I-	L1	Experiment	6.1500000000000004	0.021323000000000002
I-	L1	Experiment	6.2000000000000002	0.014891
I-	L1	Experiment	6.25	-0.0090209999999999995
I-	L1	Experiment	6.2999999999999998	-0.040844999999999999
I-	L1	Experiment	6.3499999999999996	-0.051853999999999997
I-	L1	Experiment	6.4000000000000004	-0.046128000000000002
I-	L1	Experiment	6.4500000000000002	-0.038286000000000001
I-	L1	Experiment	6.5	-0.042068000000000001
I-	L1	Experiment	6.5499999999999998	-0.031754999999999999
I-	L1	Experiment	6.5999999999999996	-0.023045
I-	L1	Experiment	6.6500000000000004	-0.044574999999999997
I-	L1	Experiment	6.7000000000000002	-0.049322999999999999
I-	L1	Experiment	6.75	-0.038539999999999998
I-	L1	Experiment	6.7999999999999998	-0.027168000000000001
I-	L1	Experiment	6.8499999999999996	-0.00072900000000000005
I-	L1	Experiment	6.9000000000000004	0.021024000000000001
I-	L1	Experiment	6.9500000000000002	0.029731
I-	L1	Experiment	7	0.027727999999999999
I-	L1	Experiment	7.0499999999999998	0.022308999999999999
I-	L1	Experiment	7.0999999999999996	0.031892999999999998
I-	L1	Experiment	7.1500000000000004	0.021912999999999998
I-	L1	Experiment	7.2000000000000002	0.011423000000000001
I-	L1	Experiment	7.25	0.035909000000000003
I-	L1	Experiment	7.2999999999999998	0.046295000000000003
I-	L1	Experiment	7.3499999999999996	0.013050000000000001
I-	L1	Experiment	7.4000000000000004	-0.0095379999999999996
I-	L1	Experiment	7.4500000000000002	-0.01508
I-	L1	Experiment	7.5	-0.010633999999999999
I-	L1	Experiment	7.5499999999999998	-0.012144
I-	L1	Experiment	7.5999999999999996	-0.0076189999999999999
I-	L1	Experiment	7.6500000000000004	-0.017531000000000001
I-	L1	Experiment	7.7000000000000002	-0.018703000000000001
I-	L1	Experiment	7.75	0.019630999999999999
I-	L1	Experiment	7.7999999999999998	0.034602000000000001
I-	L1	Experiment	7.8499999999999996	0.001366
I-	L1	Experiment	7.9000000000000004	-2.1999999999999999e-05
I-	L1	Experiment	7.9500000000000002	0.016329
I-	L1	Experiment	8	0.035352000000000001
Na+	K	MB-nrg	2	-0.027562570000000002
Na+	K	MB-nrg	2.0499999999999998	-0.15143076
Na+	K	MB-nrg	2.1000000000000001	-0.25888617000000003
Na+	K	MB-nrg	2.1499999999999999	-0.34908055999999998
Na+	K	MB-nrg	2.2000000000000002	-0.42344867000000003
Na+	K	MB-nrg	2.25	-0.49597487000000001
Na+	K	MB-nrg	2.2999999999999998	-0.55405678000000003
Na+	K	MB-nrg	2.3500000000000001	-0.6003657
Na+	K	MB-nrg	2.3999999999999999	-0.63728017000000003
Na+	K	MB-nrg	2.4500000000000002	-0.67257829000000002
Na+	K	MB-nrg	2.5	-0.69673510000000005
Na+	K	MB-nrg	2.5499999999999998	-0.70939300999999999
Na+	K	MB-nrg	2.6000000000000001	-0.70902270999999994
Na+	K	MB-nrg	2.6499999999999999	-0.69049501000000002
Na+	K	MB-nrg	2.7000000000000002	-0.65196829000000001
Na+	K	MB-nrg	2.75	-0.59214423999999999
Na+	K	MB-nrg	2.7999999999999998	-0.51046221000000003
Na+	K	MB-nrg	2.8500000000000001	-0.40218482999999999
Na+	K	MB-nrg	2.8999999999999999	-0.27447227000000002
Na+	K	MB-nrg	2.9500000000000002	-0.13135144000000001
Na+	K	MB-nrg	3	0.021730670000000001
Na+	K	MB-nrg	3.0499999999999998	0.18050874
Na+	K	MB-nrg	3.1000000000000001	0.33477216999999998
Na+	K	MB-nrg	3.1499999999999999	0.47707739999999998
Na+	K	MB-nrg	3.2000000000000002	0.60061885000000004
Na+	K	MB-nrg	3.25	0.70113236000000001
Na+	K	MB-nrg	3.2999999999999998	0.77279443999999997
Na+	K	MB-nrg	3.3500000000000001	0.81340393
Na+	K	MB-nrg	3.3999999999999999	0.82255018000000002
Na+	K	MB-nrg	3.4500000000000002	0.80148196000000005
Na+	K	MB-nrg	3.5	0.75194262999999995
Na+	K	MB-nrg	3.5499999999999998	0.67712322000000003
Na+	K	MB-nrg	3.6000000000000001	0.58070065999999998
Na+	K	MB-nrg	3.6499999999999999	0.46606808999999999
Na+	K	MB-nrg	3.7000000000000002	0.33733988999999998
Na+	K	MB-nrg	3.75	0.19879593000000001
Na+	K	MB-nrg	3.7999999999999998	0.054955150000000001
Na+	K	MB-nrg	3.8500000000000001	-0.090475949999999999
Na+	K	MB-nrg	3.8999999999999999	-0.23183134999999999
Na+	K	MB-nrg	3.9500000000000002	-0.36368296999999999
Na+	K	MB-nrg	4	-0.48058575999999997
Na+	K	MB-nrg	4.0499999999999998	-0.57864861999999995
Na+	K	MB-nrg	4.0999999999999996	-0.65217038000000005
Na+	K	MB-nrg	4.1500000000000004	-0.69766813999999999
Na+	K	MB-nrg	4.2000000000000002	-0.71309937000000001
Na+	K	MB-nrg	4.25	-0.69914217000000001
Na+	K	MB-nrg	4.2999999999999998	-0.65619413999999998
Na+	K	MB-nrg	4.3499999999999996	-0.58712008000000004
Na+	K	MB-nrg	4.4000000000000004	-0.49616606000000002
Na+	K	MB-nrg	4.4500000000000002	-0.39022046999999999
Na+	K	MB-nrg	4.5	-0.27305824000000001
Na+	K	MB-nrg	4.5499999999999998	-0.15053868000000001
Na+	K	MB-nrg	4.5999999999999996	-0.028374839999999998
Na+	K	MB-nrg	4.6500000000000004	0.088009790000000004
Na+	K	MB-nrg	4.7000000000000002	0.19517667999999999
Na+	K	MB-nrg	4.75	0.28938868000000001
Na+	K	MB-nrg	4.7999999999999998	0.3677242
Na+	K	MB-nrg	4.8499999999999996	0.42956340999999998
Na+	K	MB-nrg	4.9000000000000004	0.47264086999999999
Na+	K	MB-nrg	4.9500000000000002	0.49617551999999998
Na+	K	MB-nrg	5	0.50008859000000006
Na+	K	MB-nrg	5.0499999999999998	0.48682078000000001
Na+	K	MB-nrg	5.0999999999999996	0.45567141999999999
Na+	K	MB-nrg	5.1500000000000004	0.40834061999999999
Na+	K	MB-nrg	5.2000000000000002	0.34714210000000001
Na+	K	MB-nrg	5.25	0.27604130999999998
Na+	K	MB-nrg	5.2999999999999998	0.19684077999999999
Na+	K	MB-nrg	5.3499999999999996	0.11313982
Na+	K	MB-nrg	5.4000000000000004	0.028721130000000001
Na+	K	MB-nrg	5.4500000000000002	-0.053118470000000001
Na+	K	MB-nrg	5.5	-0.12886611000000001
Na+	K	MB-nrg	5.5499999999999998	-0.19531142000000001
Na+	K	MB-nrg	5.5999999999999996	-0.24982055
Na+	K	MB-nrg	5.6500000000000004	-0.29200323
Na+	K	MB-nrg	5.7000000000000002	-0.31935754999999999
Na+	K	MB-nrg	5.75	-0.33148164000000002
Na+	K	MB-nrg	5.7999999999999998	-0.32880828000000001
Na+	K	MB-nrg	5.8499999999999996	-0.31358314999999998
Na+	K	MB-nrg	5.9000000000000004	-0.28618785000000002
Na+	K	MB-nrg	5.9500000000000002	-0.24881702999999999
Na+	K	MB-nrg	6	-0.20399808999999999
Na+	K	MB-nrg	6.0499999999999998	-0.15505226999999999
Na+	K	MB-nrg	6.0999999999999996	-0.10317707
Na+	K	MB-nrg	6.1500000000000004	-0.050847860000000002
Na+	K	MB-nrg	6.2000000000000002	-0.00040475
Na+	K	MB-nrg	6.25	0.046083199999999998
Na+	K	MB-nrg	6.2999999999999998	0.086957560000000003
Na+	K	MB-nrg	6.3499999999999996	0.12107314
Na+	K	MB-nrg	6.4000000000000004	0.14782295000000001
Na+	K	MB-nrg	6.4500000000000002	0.16706821999999999
Na+	K	MB-nrg	6.5	0.17899321000000001
Na+	K	MB-nrg	6.5499999999999998	0.18553554999999999
Na+	K	MB-nrg	6.5999999999999996	0.18538362
Na+	K	MB-nrg	6.6500000000000004	0.17890505000000001
Na+	K	MB-nrg	6.7000000000000002	0.16647734
Na+	K	MB-nrg	6.75	0.14856211999999999
Na+	K	MB-nrg	6.7999999999999998	0.12581290000000001
Na+	K	MB-nrg	6.8499999999999996	0.09915736
Na+	K	MB-nrg	6.9000000000000004	0.069808529999999994
Na+	K	MB-nrg	6.9500000000000002	0.039190490000000001
Na+	K	MB-nrg	7	0.0087987299999999994
Na+	K	MB-nrg	7.0499999999999998	-0.019994930000000001
Na+	K	MB-nrg	7.0999999999999996	-0.047003009999999998
Na+	K	MB-nrg	7.1500000000000004	-0.071207049999999994
Na+	K	MB-nrg	7.2000000000000002	-0.091602359999999994
Na+	K	MB-nrg	7.25	-0.10730951
Na+	K	MB-nrg	7.2999999999999998	-0.11772265
Na+	K	MB-nrg	7.3499999999999996	-0.12262997
Na+	K	MB-nrg	7.4000000000000004	-0.12224833
Na+	K	MB-nrg	7.4500000000000002	-0.11715080999999999
Na+	K	MB-nrg	7.5	-0.10811418
Na+	K	MB-nrg	7.5499999999999998	-0.09627252
Na+	K	MB-nrg	7.5999999999999996	-0.081734459999999995
Na+	K	MB-nrg	7.6500000000000004	-0.065252169999999998
Na+	K	MB-nrg	7.7000000000000002	-0.047432450000000001
Na+	K	MB-nrg	7.75	-0.028746819999999999
Na+	K	MB-nrg	7.7999999999999998	-0.00960424
Na+	K	MB-nrg	7.8499999999999996	0.00955196
Na+	K	MB-nrg	7.9000000000000004	0.028167640000000001
Na+	K	MB-nrg	7.9500000000000002	0.045555789999999999
Na+	K	MB-nrg	8	0.060939590000000002
Na+	K	Experiment	2.0202900000000001	-0.071268600000000001
Na+	K	Experiment	2.0631599999999999	-0.13961999999999999
Na+	K	Experiment	2.1167400000000001	-0.22340599999999999
Na+	K	Experiment	2.1649600000000002	-0.30278100000000002
Na+	K	Experiment	2.2132399999999999	-0.366728
Na+	K	Experiment	2.2614999999999998	-0.435083
Na+	K	Experiment	2.3043499999999999	-0.50563800000000003
Na+	K	Experiment	2.3527100000000001	-0.55195499999999997
Na+	K	Experiment	2.4064199999999998	-0.60709100000000005
Na+	K	Experiment	2.4439899999999999	-0.65339999999999998
Na+	K	Experiment	2.5031400000000001	-0.69972400000000001
Na+	K	Experiment	2.5625599999999999	-0.68434099999999998
Na+	K	Experiment	2.6057899999999998	-0.66894600000000004
Na+	K	Experiment	2.62758	-0.62268100000000004
Na+	K	Experiment	2.6493099999999998	-0.58743500000000004
Na+	K	Experiment	2.6872699999999998	-0.54558899999999999
Na+	K	Experiment	2.70906	-0.49712000000000001
Na+	K	Experiment	2.7526899999999999	-0.393571
Na+	K	Experiment	2.7746300000000002	-0.31204399999999999
Na+	K	Experiment	2.7965300000000002	-0.23933199999999999
Na+	K	Experiment	2.8292099999999998	-0.16883300000000001
Na+	K	Experiment	2.8564799999999999	-0.10273699999999999
Na+	K	Experiment	2.8839600000000001	0.0096398899999999999
Na+	K	Experiment	2.9058600000000001	0.082351300000000002
Na+	K	Experiment	2.9331900000000002	0.16167000000000001
Na+	K	Experiment	2.9550800000000002	0.232178
Na+	K	Experiment	2.9877500000000001	0.29826999999999998
Na+	K	Experiment	3.0257900000000002	0.35994999999999999
Na+	K	Experiment	3.0584899999999999	0.43485699999999999
Na+	K	Experiment	3.0803600000000002	0.498753
Na+	K	Experiment	3.10216	0.54942599999999997
Na+	K	Experiment	3.1616599999999999	0.58243999999999996
Na+	K	Experiment	3.2049400000000001	0.60885500000000004
Na+	K	Experiment	3.2536200000000002	0.635266
Na+	K	Experiment	3.3182999999999998	0.61979099999999998
Na+	K	Experiment	3.3829099999999999	0.58889000000000002
Na+	K	Experiment	3.43126	0.54036899999999999
Na+	K	Experiment	3.4633799999999999	0.483045
Na+	K	Experiment	3.4847299999999999	0.43013699999999999
Na+	K	Experiment	3.5006699999999999	0.37502799999999997
Na+	K	Experiment	3.5381999999999998	0.31990400000000002
Na+	K	Experiment	3.5702799999999999	0.25376500000000002
Na+	K	Experiment	3.60236	0.185421
Na+	K	Experiment	3.6236899999999999	0.128105
Na+	K	Experiment	3.6395300000000002	0.048754400000000003
Na+	K	Experiment	3.6662400000000002	-0.010769600000000001
Na+	K	Experiment	3.6929099999999999	-0.081312800000000005
Na+	K	Experiment	3.7141899999999999	-0.149648
Na+	K	Experiment	3.7462800000000001	-0.213584
Na+	K	Experiment	3.7783500000000001	-0.28413100000000002
Na+	K	Experiment	3.8050099999999998	-0.35687799999999997
Na+	K	Experiment	3.84789	-0.42082199999999997
Na+	K	Experiment	3.8745799999999999	-0.48695699999999997
Na+	K	Experiment	3.8959000000000001	-0.54647699999999999
Na+	K	Experiment	3.9283800000000002	-0.52225900000000003
Na+	K	Experiment	3.9554999999999998	-0.48922100000000002
Na+	K	Experiment	3.9719199999999999	-0.43634000000000001
Na+	K	Experiment	3.9829699999999999	-0.379048
Na+	K	Experiment	3.9885799999999998	-0.32836300000000002
Na+	K	Experiment	3.9941599999999999	-0.286493
Na+	K	Experiment	4.0266599999999997	-0.25786700000000001
Na+	K	Experiment	4.04833	-0.23804800000000001
Na+	K	Experiment	4.0860300000000001	-0.25570700000000002
Na+	K	Experiment	4.1021900000000002	-0.26012600000000002
Na+	K	Experiment	4.1401000000000003	-0.2293
Na+	K	Experiment	4.1617800000000003	-0.20727699999999999
Na+	K	Experiment	4.1888300000000003	-0.19187000000000001
Na+	K	Experiment	4.2210400000000003	-0.227156
Na+	K	Experiment	4.2425100000000002	-0.25361800000000001
Na+	K	Experiment	4.2478499999999997	-0.266845
Na+	K	Experiment	4.2911299999999999	-0.24043
Na+	K	Experiment	4.3505099999999999	-0.23386199999999999
Na+	K	Experiment	4.3937200000000001	-0.225079
Na+	K	Experiment	4.4262699999999997	-0.183229
Na+	K	Experiment	4.4534900000000004	-0.130357
Na+	K	Experiment	4.4860300000000004	-0.090710899999999997
Na+	K	Experiment	4.5131800000000002	-0.053265199999999999
Na+	K	Experiment	4.5564999999999998	-0.018035200000000001
Na+	K	Experiment	4.58901	0.0127951
Na+	K	Experiment	4.6107500000000003	0.048040899999999997
Na+	K	Experiment	4.6326400000000003	0.118548
Na+	K	Experiment	4.6599000000000004	0.18243999999999999
Na+	K	Experiment	4.6709399999999999	0.239733
Na+	K	Experiment	4.6927599999999998	0.29260999999999998
Na+	K	Experiment	4.7037899999999997	0.34769800000000001
Na+	K	Experiment	4.7577600000000002	0.34986200000000001
Na+	K	Experiment	4.78484	0.374085
Na+	K	Experiment	4.8065499999999997	0.40271899999999999
Na+	K	Experiment	4.8175100000000004	0.44017699999999998
Na+	K	Experiment	4.8284799999999999	0.48204200000000003
Na+	K	Experiment	4.8448200000000003	0.51508799999999999
Na+	K	Experiment	4.86653	0.54372200000000004
Na+	K	Experiment	4.89907	0.583368
Na+	K	Experiment	4.92591	0.55028999999999995
Na+	K	Experiment	4.9311600000000002	0.51722900000000005
Na+	K	Experiment	4.9417999999999997	0.48416300000000001
Na+	K	Experiment	4.9525100000000002	0.46432000000000001
Na+	K	Experiment	5.0172100000000004	0.45325300000000002
Na+	K	Experiment	5.0332499999999998	0.420184
Na+	K	Experiment	5.0438900000000002	0.38711800000000002
Na+	K	Experiment	5.1031899999999997	0.37385099999999999
Na+	K	Experiment	5.1298700000000004	0.30771500000000002
Na+	K	Experiment	5.16195	0.239372
Na+	K	Experiment	5.1832799999999999	0.182056
Na+	K	Experiment	5.2046000000000001	0.12253600000000001
Na+	K	Experiment	5.2421600000000002	0.076227299999999998
Na+	K	Experiment	5.2742399999999998	0.0078839400000000007
Na+	K	Experiment	5.3117299999999998	-0.0560557
Na+	K	Experiment	5.3546300000000002	-0.115591
Na+	K	Experiment	5.3975299999999997	-0.175127
Na+	K	Experiment	5.4135200000000001	-0.22142000000000001
Na+	K	Experiment	5.4241000000000001	-0.26770899999999997
Na+	K	Experiment	5.4454599999999997	-0.31841399999999997
Na+	K	Experiment	5.4779499999999999	-0.291991
Na+	K	Experiment	5.4887699999999997	-0.28538799999999998
Na+	K	Experiment	5.5104100000000003	-0.27217999999999998
Na+	K	Experiment	5.5156099999999997	-0.318465
Na+	K	Experiment	5.5423799999999996	-0.36476599999999998
Na+	K	Experiment	5.5799899999999996	-0.40225899999999998
Na+	K	Experiment	5.6014699999999999	-0.42431400000000002
Na+	K	Experiment	5.6177999999999999	-0.391268
Na+	K	Experiment	5.6395200000000001	-0.36042999999999997
Na+	K	Experiment	5.6772	-0.382496
Na+	K	Experiment	5.70411	-0.39794299999999999
Na+	K	Experiment	5.7473999999999998	-0.36932399999999999
Na+	K	Experiment	5.7907200000000003	-0.334094
Na+	K	Experiment	5.8393600000000001	-0.31649899999999997
Na+	K	Experiment	5.8987999999999996	-0.29670800000000003
Na+	K	Experiment	5.9529100000000001	-0.261486
Na+	K	Experiment	5.99085	-0.22184400000000001
Na+	K	Experiment	6.0288000000000004	-0.182203
Na+	K	Experiment	6.0559799999999999	-0.13594100000000001
Na+	K	Experiment	6.0992600000000001	-0.109527
Na+	K	Experiment	6.1532799999999996	-0.096343399999999996
Na+	K	Experiment	6.1857699999999998	-0.069920899999999994
Na+	K	Experiment	6.2074999999999996	-0.0346751
Na+	K	Experiment	6.22384	-0.00162911
Na+	K	Experiment	6.2401600000000004	0.029212999999999999
Na+	K	Experiment	6.2456500000000004	0.051247599999999997
Na+	K	Experiment	6.3049999999999997	0.051204
Na+	K	Experiment	6.3589500000000001	0.048960499999999997
Na+	K	Experiment	6.3753000000000002	0.086414199999999997
Na+	K	Experiment	6.3916700000000004	0.128276
Na+	K	Experiment	6.4188000000000001	0.16131400000000001
Na+	K	Experiment	6.4566699999999999	0.185528
Na+	K	Experiment	6.5053299999999998	0.20753099999999999
Na+	K	Experiment	6.5701099999999997	0.21409500000000001
Na+	K	Experiment	6.5972200000000001	0.24492900000000001
Na+	K	Experiment	6.62432	0.27135599999999999
Na+	K	Experiment	6.6405900000000004	0.29117900000000002
Na+	K	Experiment	6.6836000000000002	0.25588499999999997
Na+	K	Experiment	6.7158300000000004	0.222804
Na+	K	Experiment	6.7264799999999996	0.18973799999999999
Na+	K	Experiment	6.7425499999999996	0.16328000000000001
Na+	K	Experiment	6.7586199999999996	0.136821
Na+	K	Experiment	6.7854700000000001	0.108151
Na+	K	Experiment	6.79617	0.088308899999999996
Na+	K	Experiment	6.8393499999999996	0.090481000000000006
Na+	K	Experiment	6.8555400000000004	0.090469099999999997
Na+	K	Experiment	6.88239	0.061799199999999999
Na+	K	Experiment	6.8877100000000002	0.044164299999999997
Na+	K	Experiment	6.8984300000000003	0.028729399999999999
Na+	K	Experiment	6.9363099999999998	0.052944100000000001
Na+	K	Experiment	6.9795699999999998	0.074950900000000001
Na+	K	Experiment	6.9958299999999998	0.092569899999999997
Na+	K	Experiment	7.0172299999999996	0.050680799999999998
Na+	K	Experiment	7.0278999999999998	0.022022699999999999
Na+	K	Experiment	7.0493300000000003	-0.011051
Na+	K	Experiment	7.0871000000000004	-0.0110787
Na+	K	Experiment	7.1087300000000004	-0.0022791700000000001
Na+	K	Experiment	7.1250400000000003	0.0263591
Na+	K	Experiment	7.1413399999999996	0.0527935
Na+	K	Experiment	7.14682	0.070420399999999994
Na+	K	Experiment	7.19001	0.077000200000000005
Na+	K	Experiment	7.2114599999999998	0.046130400000000002
Na+	K	Experiment	7.2221000000000002	0.013064600000000001
Na+	K	Experiment	7.2435400000000003	-0.020009099999999998
Na+	K	Experiment	7.2541799999999999	-0.055278800000000003
Na+	K	Experiment	7.2759900000000002	-0.0024020500000000002
Na+	K	Experiment	7.2815599999999998	0.037263400000000002
Na+	K	Experiment	7.2979000000000003	0.0725132
Na+	K	Experiment	7.3247200000000001	0.035027799999999998
Na+	K	Experiment	7.34077	0.0041619600000000001
Na+	K	Experiment	7.3514200000000001	-0.026700000000000002
Na+	K	Experiment	7.3839199999999998	0.00192639
Na+	K	Experiment	7.4218599999999997	0.039364200000000002
Na+	K	Experiment	7.4381300000000001	0.059186999999999997
Na+	K	Experiment	7.4760099999999996	0.083401699999999995
Na+	K	Experiment	7.5030299999999999	0.092197299999999996
Na+	K	Experiment	7.5244600000000004	0.059123599999999998
Na+	K	Experiment	7.5404900000000001	0.02385
Na+	K	Experiment	7.5673199999999996	-0.011431500000000001
Na+	K	Experiment	7.5833599999999999	-0.044501300000000001
Na+	K	Experiment	7.5940799999999999	-0.059936200000000002
Na+	K	Experiment	7.6264700000000003	-0.057756099999999998
Na+	K	Experiment	7.6480899999999998	-0.0489565
Na+	K	Experiment	7.66411	-0.086433999999999997
Na+	K	Experiment	7.6801500000000003	-0.119504
Na+	K	Experiment	7.7016	-0.15037400000000001
Na+	K	Experiment	7.7233200000000002	-0.119535
Na+	K	Experiment	7.7450299999999999	-0.090901200000000001
Na+	K	Experiment	7.7881	-0.11076800000000001
Na+	K	Experiment	7.8419600000000003	-0.13284599999999999
Na+	K	Experiment	7.8798399999999997	-0.10863100000000001
Na+	K	Experiment	7.9015599999999999	-0.077793000000000001
Na+	K	Experiment	7.9286399999999997	-0.053570399999999997
Na+	K	Experiment	7.9718999999999998	-0.033767400000000003
K+	K	MB-nrg	2	-0.082130480000000006
K+	K	MB-nrg	2.0499999999999998	-0.14934705000000001
K+	K	MB-nrg	2.1000000000000001	-0.20079795
K+	K	MB-nrg	2.1499999999999999	-0.23885292999999999
K+	K	MB-nrg	2.2000000000000002	-0.26715557000000001
K+	K	MB-nrg	2.25	-0.29060571000000002
K+	K	MB-nrg	2.2999999999999998	-0.31180775999999999
K+	K	MB-nrg	2.3500000000000001	-0.33333234
K+	K	MB-nrg	2.3999999999999999	-0.35489370999999997
K+	K	MB-nrg	2.4500000000000002	-0.37601213
K+	K	MB-nrg	2.5	-0.38873571000000001
K+	K	MB-nrg	2.5499999999999998	-0.38899972999999999
K+	K	MB-nrg	2.6000000000000001	-0.37325395
K+	K	MB-nrg	2.6499999999999999	-0.33683036999999999
K+	K	MB-nrg	2.7000000000000002	-0.28219055999999998
K+	K	MB-nrg	2.75	-0.21104041000000001
K+	K	MB-nrg	2.7999999999999998	-0.12665894999999999
K+	K	MB-nrg	2.8500000000000001	-0.032229580000000001
K+	K	MB-nrg	2.8999999999999999	0.065829040000000005
K+	K	MB-nrg	2.9500000000000002	0.16201916
K+	K	MB-nrg	3	0.25112055
K+	K	MB-nrg	3.0499999999999998	0.32954223999999999
K+	K	MB-nrg	3.1000000000000001	0.39267605
K+	K	MB-nrg	3.1499999999999999	0.43783065999999998
K+	K	MB-nrg	3.2000000000000002	0.46353929999999999
K+	K	MB-nrg	3.25	0.46898065
K+	K	MB-nrg	3.2999999999999998	0.45398073
K+	K	MB-nrg	3.3500000000000001	0.41994501000000001
K+	K	MB-nrg	3.3999999999999999	0.36902882999999997
K+	K	MB-nrg	3.4500000000000002	0.30174441000000002
K+	K	MB-nrg	3.5	0.22321799000000001
K+	K	MB-nrg	3.5499999999999998	0.13728454000000001
K+	K	MB-nrg	3.6000000000000001	0.047896769999999998
K+	K	MB-nrg	3.6499999999999999	-0.04229583
K+	K	MB-nrg	3.7000000000000002	-0.12785603000000001
K+	K	MB-nrg	3.75	-0.20542473
K+	K	MB-nrg	3.7999999999999998	-0.27196035000000002
K+	K	MB-nrg	3.8500000000000001	-0.32568385999999999
K+	K	MB-nrg	3.8999999999999999	-0.36397769000000002
K+	K	MB-nrg	3.9500000000000002	-0.38545433000000001
K+	K	MB-nrg	4	-0.38920662
K+	K	MB-nrg	4.0499999999999998	-0.37600629000000002
K+	K	MB-nrg	4.0999999999999996	-0.34549285000000002
K+	K	MB-nrg	4.1500000000000004	-0.29889146
K+	K	MB-nrg	4.2000000000000002	-0.2383808
K+	K	MB-nrg	4.25	-0.16780581999999999
K+	K	MB-nrg	4.2999999999999998	-0.089865680000000003
K+	K	MB-nrg	4.3499999999999996	-0.0089980600000000004
K+	K	MB-nrg	4.4000000000000004	0.069981150000000006
K+	K	MB-nrg	4.4500000000000002	0.14257708999999999
K+	K	MB-nrg	4.5	0.20503556000000001
K+	K	MB-nrg	4.5499999999999998	0.25387362000000002
K+	K	MB-nrg	4.5999999999999996	0.28670261000000002
K+	K	MB-nrg	4.6500000000000004	0.30348456000000001
K+	K	MB-nrg	4.7000000000000002	0.30365620999999998
K+	K	MB-nrg	4.75	0.28831288999999999
K+	K	MB-nrg	4.7999999999999998	0.25942987000000001
K+	K	MB-nrg	4.8499999999999996	0.22073947999999999
K+	K	MB-nrg	4.9000000000000004	0.17384514000000001
K+	K	MB-nrg	4.9500000000000002	0.12160849999999999
K+	K	MB-nrg	5	0.066842929999999995
K+	K	MB-nrg	5.0499999999999998	0.012325330000000001
K+	K	MB-nrg	5.0999999999999996	-0.04000074
K+	K	MB-nrg	5.1500000000000004	-0.087871050000000006
K+	K	MB-nrg	5.2000000000000002	-0.12922921000000001
K+	K	MB-nrg	5.25	-0.16255362000000001
K+	K	MB-nrg	5.2999999999999998	-0.18656940999999999
K+	K	MB-nrg	5.3499999999999996	-0.20026996999999999
K+	K	MB-nrg	5.4000000000000004	-0.20320357999999999
K+	K	MB-nrg	5.4500000000000002	-0.19602359
K+	K	MB-nrg	5.5	-0.17886872000000001
K+	K	MB-nrg	5.5499999999999998	-0.15320739999999999
K+	K	MB-nrg	5.5999999999999996	-0.12109876
K+	K	MB-nrg	5.6500000000000004	-0.084700460000000005
K+	K	MB-nrg	5.7000000000000002	-0.046713299999999999
K+	K	MB-nrg	5.75	-0.0096620899999999999
K+	K	MB-nrg	5.7999999999999998	0.024247299999999999
K+	K	MB-nrg	5.8499999999999996	0.053679959999999999
K+	K	MB-nrg	5.9000000000000004	0.077456499999999998
K+	K	MB-nrg	5.9500000000000002	0.094933829999999997
K+	K	MB-nrg	6	0.10601316
K+	K	MB-nrg	6.0499999999999998	0.1104888
K+	K	MB-nrg	6.0999999999999996	0.11046324
K+	K	MB-nrg	6.1500000000000004	0.10686758
K+	K	MB-nrg	6.2000000000000002	0.099865540000000003
K+	K	MB-nrg	6.25	0.089059769999999996
K+	K	MB-nrg	6.2999999999999998	0.074124319999999994
K+	K	MB-nrg	6.3499999999999996	0.055475879999999998
K+	K	MB-nrg	6.4000000000000004	0.03455312
K+	K	MB-nrg	6.4500000000000002	0.013494600000000001
K+	K	MB-nrg	6.5	-0.0056311599999999996
K+	K	MB-nrg	6.5499999999999998	-0.022294979999999999
K+	K	MB-nrg	6.5999999999999996	-0.036487140000000001
K+	K	MB-nrg	6.6500000000000004	-0.048194430000000003
K+	K	MB-nrg	6.7000000000000002	-0.057416910000000002
K+	K	MB-nrg	6.75	-0.063932970000000006
K+	K	MB-nrg	6.7999999999999998	-0.067304359999999994
K+	K	MB-nrg	6.8499999999999996	-0.06710998
K+	K	MB-nrg	6.9000000000000004	-0.063255160000000005
K+	K	MB-nrg	6.9500000000000002	-0.0561568
K+	K	MB-nrg	7	-0.046680739999999998
K+	K	MB-nrg	7.0499999999999998	-0.036001520000000002
K+	K	MB-nrg	7.0999999999999996	-0.02356981
K+	K	MB-nrg	7.1500000000000004	-0.01091744
K+	K	MB-nrg	7.2000000000000002	0.00028655999999999999
K+	K	MB-nrg	7.25	0.0090205400000000005
K+	K	MB-nrg	7.2999999999999998	0.015375150000000001
K+	K	MB-nrg	7.3499999999999996	0.02038968
K+	K	MB-nrg	7.4000000000000004	0.025331320000000001
K+	K	MB-nrg	7.4500000000000002	0.030836450000000001
K+	K	MB-nrg	7.5	0.036431600000000001
K+	K	MB-nrg	7.5499999999999998	0.040600400000000002
K+	K	MB-nrg	7.5999999999999996	0.042582370000000001
K+	K	MB-nrg	7.6500000000000004	0.041932419999999998
K+	K	MB-nrg	7.7000000000000002	0.038581329999999997
K+	K	MB-nrg	7.75	0.03278495
K+	K	MB-nrg	7.7999999999999998	0.025050139999999999
K+	K	MB-nrg	7.8499999999999996	0.016094520000000001
K+	K	MB-nrg	7.9000000000000004	0.00682242
K+	K	MB-nrg	7.9500000000000002	-0.0017527
K+	K	MB-nrg	8	-0.0086956099999999995
K+	K	Experiment	2.0365799999999998	-0.20500499999999999
K+	K	Experiment	2.1389399999999998	-0.229714
K+	K	Experiment	2.22662	-0.25794299999999998
K+	K	Experiment	2.2923800000000001	-0.28087600000000001
K+	K	Experiment	2.3508200000000001	-0.30204399999999998
K+	K	Experiment	2.4239899999999999	-0.31088300000000002
K+	K	Experiment	2.50468	-0.28977000000000003
K+	K	Experiment	2.5561600000000002	-0.25807200000000002
K+	K	Experiment	2.6003799999999999	-0.21579799999999999
K+	K	Experiment	2.6446800000000001	-0.16295200000000001
K+	K	Experiment	2.6890000000000001	-0.106581
K+	K	Experiment	2.7261099999999998	-0.032586900000000002
K+	K	Experiment	2.7779099999999999	0.046688199999999999
K+	K	Experiment	2.82972	0.12772500000000001
K+	K	Experiment	2.89622	0.215805
K+	K	Experiment	2.9480200000000001	0.29508000000000001
K+	K	Experiment	3.0070299999999999	0.35849399999999998
K+	K	Experiment	3.0585599999999999	0.39723999999999998
K+	K	Experiment	3.10995	0.416603
K+	K	Experiment	3.15388	0.41482400000000003
K+	K	Experiment	3.2269299999999999	0.38836300000000001
K+	K	Experiment	3.2778800000000001	0.342528
K+	K	Experiment	3.3360799999999999	0.28611799999999998
K+	K	Experiment	3.3795700000000002	0.21914
K+	K	Experiment	3.42299	0.14335200000000001
K+	K	Experiment	3.47376	0.071085300000000004
K+	K	Experiment	3.5172400000000001	0.0023456599999999998
K+	K	Experiment	3.5533399999999999	-0.073439599999999994
K+	K	Experiment	3.60412	-0.14394399999999999
K+	K	Experiment	3.6475900000000001	-0.214446
K+	K	Experiment	3.7058	-0.26909499999999997
K+	K	Experiment	3.7420800000000001	-0.31844800000000001
K+	K	Experiment	3.8004199999999999	-0.35547499999999999
K+	K	Experiment	3.8662000000000001	-0.37312200000000001
K+	K	Experiment	3.9322400000000002	-0.353765
K+	K	Experiment	3.9837500000000001	-0.31678099999999998
K+	K	Experiment	4.0426900000000003	-0.26394000000000001
K+	K	Experiment	4.0944700000000003	-0.188189
K+	K	Experiment	4.1536499999999998	-0.100106
K+	K	Experiment	4.2054299999999998	-0.022593499999999999
K+	K	Experiment	4.2645799999999996	0.060203
K+	K	Experiment	4.3236100000000004	0.12714
K+	K	Experiment	4.3679199999999998	0.18174899999999999
K+	K	Experiment	4.4048400000000001	0.22578699999999999
K+	K	Experiment	4.4489900000000002	0.25748799999999999
K+	K	Experiment	4.5003799999999998	0.27685100000000001
K+	K	Experiment	4.5589899999999997	0.28035300000000002
K+	K	Experiment	4.6467200000000002	0.25917299999999999
K+	K	Experiment	4.6977599999999997	0.22567300000000001
K+	K	Experiment	4.7633000000000001	0.17278299999999999
K+	K	Experiment	4.82151	0.116373
K+	K	Experiment	4.8723599999999996	0.056440700000000003
K+	K	Experiment	4.9305300000000001	-0.0052562299999999998
K+	K	Experiment	4.9887199999999998	-0.063428999999999999
K+	K	Experiment	5.0542800000000003	-0.11455600000000001
K+	K	Experiment	5.1198600000000001	-0.16392100000000001
K+	K	Experiment	5.1855700000000002	-0.19214100000000001
K+	K	Experiment	5.2733299999999996	-0.20979600000000001
K+	K	Experiment	5.3540099999999997	-0.190445
K+	K	Experiment	5.4275700000000002	-0.142896
K+	K	Experiment	5.5084799999999996	-0.0900643
K+	K	Experiment	5.5894000000000004	-0.035470300000000003
K+	K	Experiment	5.6556699999999998	0.019129500000000001
K+	K	Experiment	5.7292100000000001	0.064915799999999996
K+	K	Experiment	5.8026999999999997	0.101892
K+	K	Experiment	5.8760300000000001	0.11772199999999999
K+	K	Experiment	5.9565999999999999	0.119452
K+	K	Experiment	6.0736600000000003	0.103548
K+	K	Experiment	6.1613100000000003	0.070032899999999995
K+	K	Experiment	6.2635699999999996	0.031226299999999999
K+	K	Experiment	6.3438600000000003	-0.0075717900000000001
K+	K	Experiment	6.4241999999999999	-0.039321399999999999
K+	K	Experiment	6.5265500000000003	-0.064031099999999994
K+	K	Experiment	6.6216699999999999	-0.076403200000000004
K+	K	Experiment	6.7242100000000002	-0.072919100000000001
K+	K	Experiment	6.8415100000000004	-0.053581799999999999
K+	K	Experiment	6.9735500000000004	-0.0201532
K+	K	Experiment	7.1055700000000002	0.0097511300000000002
K+	K	Experiment	7.20824	0.030856399999999999
K+	K	Experiment	7.3108300000000002	0.041388899999999999
K+	K	Experiment	7.40604	0.043113699999999998
K+	K	Experiment	7.5304399999999996	0.0289681
K+	K	Experiment	7.6840599999999997	0.0060003699999999997
K+	K	Experiment	7.8157399999999999	-0.015196599999999999
K+	K	Experiment	7.9254699999999998	-0.0310987
Cs+	L1	MB-nrg	2	-0.050672420000000003
Cs+	L1	MB-nrg	2.0499999999999998	-0.082144884000000001
Cs+	L1	MB-nrg	2.1000000000000001	-0.10725596
Cs+	L1	MB-nrg	2.1499999999999999	-0.12509484000000001
Cs+	L1	MB-nrg	2.2000000000000002	-0.13565552
Cs+	L1	MB-nrg	2.25	-0.14022872
Cs+	L1	MB-nrg	2.2999999999999998	-0.13971196
Cs+	L1	MB-nrg	2.3500000000000001	-0.13588184
Cs+	L1	MB-nrg	2.3999999999999999	-0.12993719000000001
Cs+	L1	MB-nrg	2.4500000000000002	-0.1236969
Cs+	L1	MB-nrg	2.5	-0.11469285999999999
Cs+	L1	MB-nrg	2.5499999999999998	-0.10217538
Cs+	L1	MB-nrg	2.6000000000000001	-0.085205969000000006
Cs+	L1	MB-nrg	2.6499999999999999	-0.061490531000000001
Cs+	L1	MB-nrg	2.7000000000000002	-0.033066944000000001
Cs+	L1	MB-nrg	2.75	-0.00063955000000000001
Cs+	L1	MB-nrg	2.7999999999999998	0.034570473999999997
Cs+	L1	MB-nrg	2.8500000000000001	0.070771490000000006
Cs+	L1	MB-nrg	2.8999999999999999	0.10574941
Cs+	L1	MB-nrg	2.9500000000000002	0.13721654999999999
Cs+	L1	MB-nrg	3	0.16291949999999999
Cs+	L1	MB-nrg	3.0499999999999998	0.17993376999999999
Cs+	L1	MB-nrg	3.1000000000000001	0.18742258000000001
Cs+	L1	MB-nrg	3.1499999999999999	0.18475173
Cs+	L1	MB-nrg	3.2000000000000002	0.17214826999999999
Cs+	L1	MB-nrg	3.25	0.14937987
Cs+	L1	MB-nrg	3.2999999999999998	0.11927345
Cs+	L1	MB-nrg	3.3500000000000001	0.084057235999999994
Cs+	L1	MB-nrg	3.3999999999999999	0.046087901000000001
Cs+	L1	MB-nrg	3.4500000000000002	0.0064799425000000004
Cs+	L1	MB-nrg	3.5	-0.031395757000000003
Cs+	L1	MB-nrg	3.5499999999999998	-0.065845118999999994
Cs+	L1	MB-nrg	3.6000000000000001	-0.095587324000000001
Cs+	L1	MB-nrg	3.6499999999999999	-0.12006424
Cs+	L1	MB-nrg	3.7000000000000002	-0.13782089
Cs+	L1	MB-nrg	3.75	-0.14842507999999999
Cs+	L1	MB-nrg	3.7999999999999998	-0.15159215000000001
Cs+	L1	MB-nrg	3.8500000000000001	-0.14722431999999999
Cs+	L1	MB-nrg	3.8999999999999999	-0.13536206000000001
Cs+	L1	MB-nrg	3.9500000000000002	-0.11659427999999999
Cs+	L1	MB-nrg	4	-0.091893223999999996
Cs+	L1	MB-nrg	4.0499999999999998	-0.062770878000000002
Cs+	L1	MB-nrg	4.0999999999999996	-0.030703504999999999
Cs+	L1	MB-nrg	4.1500000000000004	0.0022800862999999998
Cs+	L1	MB-nrg	4.2000000000000002	0.034038288999999999
Cs+	L1	MB-nrg	4.25	0.062758519999999998
Cs+	L1	MB-nrg	4.2999999999999998	0.086778849000000005
Cs+	L1	MB-nrg	4.3499999999999996	0.1046962
Cs+	L1	MB-nrg	4.4000000000000004	0.11559961000000001
Cs+	L1	MB-nrg	4.4500000000000002	0.11952088
Cs+	L1	MB-nrg	4.5	0.11646772
Cs+	L1	MB-nrg	4.5499999999999998	0.10695064
Cs+	L1	MB-nrg	4.5999999999999996	0.091839380999999998
Cs+	L1	MB-nrg	4.6500000000000004	0.072549416000000005
Cs+	L1	MB-nrg	4.7000000000000002	0.050016641000000001
Cs+	L1	MB-nrg	4.75	0.025627113999999999
Cs+	L1	MB-nrg	4.7999999999999998	0.00085844749999999998
Cs+	L1	MB-nrg	4.8499999999999996	-0.022775035999999999
Cs+	L1	MB-nrg	4.9000000000000004	-0.044001036
Cs+	L1	MB-nrg	4.9500000000000002	-0.061568939000000003
Cs+	L1	MB-nrg	5	-0.074496220000000002
Cs+	L1	MB-nrg	5.0499999999999998	-0.082264123999999994
Cs+	L1	MB-nrg	5.0999999999999996	-0.084594016999999994
Cs+	L1	MB-nrg	5.1500000000000004	-0.081752720000000001
Cs+	L1	MB-nrg	5.2000000000000002	-0.074385018999999997
Cs+	L1	MB-nrg	5.25	-0.063550314999999996
Cs+	L1	MB-nrg	5.2999999999999998	-0.050099434999999998
Cs+	L1	MB-nrg	5.3499999999999996	-0.035144070999999999
Cs+	L1	MB-nrg	5.4000000000000004	-0.019704325000000002
Cs+	L1	MB-nrg	5.4500000000000002	-0.0045141125000000004
Cs+	L1	MB-nrg	5.5	0.0097991750000000002
Cs+	L1	MB-nrg	5.5499999999999998	0.022737624000000001
Cs+	L1	MB-nrg	5.5999999999999996	0.033848902
Cs+	L1	MB-nrg	5.6500000000000004	0.043113379
Cs+	L1	MB-nrg	5.7000000000000002	0.049958346000000001
Cs+	L1	MB-nrg	5.75	0.054027759000000002
Cs+	L1	MB-nrg	5.7999999999999998	0.055028649999999998
Cs+	L1	MB-nrg	5.8499999999999996	0.052967
Cs+	L1	MB-nrg	5.9000000000000004	0.047536782
Cs+	L1	MB-nrg	5.9500000000000002	0.038996266000000002
Cs+	L1	MB-nrg	6	0.027984029000000001
Cs+	L1	MB-nrg	6.0499999999999998	0.014843656
Cs+	L1	MB-nrg	6.0999999999999996	0.0015415187
Cs+	L1	MB-nrg	6.1500000000000004	-0.01050629
Cs+	L1	MB-nrg	6.2000000000000002	-0.020404287
Cs+	L1	MB-nrg	6.25	-0.027837935000000001
Cs+	L1	MB-nrg	6.2999999999999998	-0.032868636999999999
Cs+	L1	MB-nrg	6.3499999999999996	-0.035639485999999998
Cs+	L1	MB-nrg	6.4000000000000004	-0.036203046000000003
Cs+	L1	MB-nrg	6.4500000000000002	-0.034573558999999997
Cs+	L1	MB-nrg	6.5	-0.030928495
Cs+	L1	MB-nrg	6.5499999999999998	-0.026204101
Cs+	L1	MB-nrg	6.5999999999999996	-0.020324235
Cs+	L1	MB-nrg	6.6500000000000004	-0.013782446
Cs+	L1	MB-nrg	6.7000000000000002	-0.0071046599999999996
Cs+	L1	MB-nrg	6.75	-0.00073518749999999995
Cs+	L1	MB-nrg	6.7999999999999998	0.0050457525000000003
Cs+	L1	MB-nrg	6.8499999999999996	0.010121279
Cs+	L1	MB-nrg	6.9000000000000004	0.014456131000000001
Cs+	L1	MB-nrg	6.9500000000000002	0.017990868
Cs+	L1	MB-nrg	7	0.020585375
Cs+	L1	MB-nrg	7.0499999999999998	0.022540870000000001
Cs+	L1	MB-nrg	7.0999999999999996	0.023378970999999998
Cs+	L1	MB-nrg	7.1500000000000004	0.022254224
Cs+	L1	MB-nrg	7.2000000000000002	0.018937868
Cs+	L1	MB-nrg	7.25	0.014141340000000001
Cs+	L1	MB-nrg	7.2999999999999998	0.0091750262000000003
Cs+	L1	MB-nrg	7.3499999999999996	0.0051707675000000003
Cs+	L1	MB-nrg	7.4000000000000004	0.0024104012
Cs+	L1	MB-nrg	7.4500000000000002	0.00023183249999999999
Cs+	L1	MB-nrg	7.5	-0.0024179225
Cs+	L1	MB-nrg	7.5499999999999998	-0.0067106561999999998
Cs+	L1	MB-nrg	7.5999999999999996	-0.011717599
Cs+	L1	MB-nrg	7.6500000000000004	-0.015936820000000001
Cs+	L1	MB-nrg	7.7000000000000002	-0.018097169
Cs+	L1	MB-nrg	7.75	-0.017900698999999999
Cs+	L1	MB-nrg	7.7999999999999998	-0.016125236000000001
Cs+	L1	MB-nrg	7.8499999999999996	-0.014021657
Cs+	L1	MB-nrg	7.9000000000000004	-0.012411749
Cs+	L1	MB-nrg	7.9500000000000002	-0.011105555
Cs+	L1	MB-nrg	8	-0.0090572037000000005
Cs+	L1	Experiment	2	-0.14765577999999999
Cs+	L1	Experiment	2.0499999999999998	-0.1728498
Cs+	L1	Experiment	2.1000000000000001	-0.20666556999999999
Cs+	L1	Experiment	2.1499999999999999	-0.23078162999999999
Cs+	L1	Experiment	2.2000000000000002	-0.25018245
Cs+	L1	Experiment	2.25	-0.26632959
Cs+	L1	Experiment	2.2999999999999998	-0.27754033
Cs+	L1	Experiment	2.3500000000000001	-0.29195592999999997
Cs+	L1	Experiment	2.3999999999999999	-0.30383677999999997
Cs+	L1	Experiment	2.4500000000000002	-0.27940805000000002
Cs+	L1	Experiment	2.5	-0.23816952999999999
Cs+	L1	Experiment	2.5499999999999998	-0.18779493999999999
Cs+	L1	Experiment	2.6000000000000001	-0.11079969000000001
Cs+	L1	Experiment	2.6499999999999999	-0.029859258
Cs+	L1	Experiment	2.7000000000000002	0.054947720999999998
Cs+	L1	Experiment	2.75	0.13164302
Cs+	L1	Experiment	2.7999999999999998	0.19061586
Cs+	L1	Experiment	2.8500000000000001	0.21235457999999999
Cs+	L1	Experiment	2.8999999999999999	0.25061881000000003
Cs+	L1	Experiment	2.9500000000000002	0.26731296999999998
Cs+	L1	Experiment	3	0.27373839999999999
Cs+	L1	Experiment	3.0499999999999998	0.27205684000000002
Cs+	L1	Experiment	3.1000000000000001	0.25487599999999999
Cs+	L1	Experiment	3.1499999999999999	0.21660889
Cs+	L1	Experiment	3.2000000000000002	0.16974864000000001
Cs+	L1	Experiment	3.25	0.11314537
Cs+	L1	Experiment	3.2999999999999998	0.058500750999999997
Cs+	L1	Experiment	3.3500000000000001	0.016877293000000002
Cs+	L1	Experiment	3.3999999999999999	-0.037569511999999999
Cs+	L1	Experiment	3.4500000000000002	-0.092429608999999996
Cs+	L1	Experiment	3.5	-0.11072709
Cs+	L1	Experiment	3.5499999999999998	-0.12640657
Cs+	L1	Experiment	3.6000000000000001	-0.16156513
Cs+	L1	Experiment	3.6499999999999999	-0.18684485000000001
Cs+	L1	Experiment	3.7000000000000002	-0.21555738999999999
Cs+	L1	Experiment	3.75	-0.20078567
Cs+	L1	Experiment	3.7999999999999998	-0.17968880000000001
Cs+	L1	Experiment	3.8500000000000001	-0.14979982
Cs+	L1	Experiment	3.8999999999999999	-0.12327016
Cs+	L1	Experiment	3.9500000000000002	-0.083252504000000005
Cs+	L1	Experiment	4	-0.050553696000000002
Cs+	L1	Experiment	4.0499999999999998	-0.0081235829000000006
Cs+	L1	Experiment	4.0999999999999996	0.026676762
Cs+	L1	Experiment	4.1500000000000004	0.056234804999999999
Cs+	L1	Experiment	4.2000000000000002	0.087668283
Cs+	L1	Experiment	4.25	0.10777347
Cs+	L1	Experiment	4.2999999999999998	0.12864271999999999
Cs+	L1	Experiment	4.3499999999999996	0.16430237
Cs+	L1	Experiment	4.4000000000000004	0.15390229
Cs+	L1	Experiment	4.4500000000000002	0.1402881
Cs+	L1	Experiment	4.5	0.11704802
Cs+	L1	Experiment	4.5499999999999998	0.10413082
Cs+	L1	Experiment	4.5999999999999996	0.10501779
Cs+	L1	Experiment	4.6500000000000004	0.10179485000000001
Cs+	L1	Experiment	4.7000000000000002	0.080492919999999996
Cs+	L1	Experiment	4.75	0.010959141
Cs+	L1	Experiment	4.7999999999999998	-0.029591739999999998
Cs+	L1	Experiment	4.8499999999999996	-0.047003788999999997
Cs+	L1	Experiment	4.9000000000000004	-0.079262315999999999
Cs+	L1	Experiment	4.9500000000000002	-0.12110192
Cs+	L1	Experiment	5	-0.12892532000000001
Cs+	L1	Experiment	5.0499999999999998	-0.11307346
Cs+	L1	Experiment	5.0999999999999996	-0.10464305
Cs+	L1	Experiment	5.1500000000000004	-0.091136798000000005
Cs+	L1	Experiment	5.2000000000000002	-0.10925561
Cs+	L1	Experiment	5.25	-0.11471865000000001
Cs+	L1	Experiment	5.2999999999999998	-0.084787578000000002
Cs+	L1	Experiment	5.3499999999999996	-0.055509442999999999
Cs+	L1	Experiment	5.4000000000000004	-0.056900077
Cs+	L1	Experiment	5.4500000000000002	-0.056234564000000001
Cs+	L1	Experiment	5.5	-0.0033576499000000002
Cs+	L1	Experiment	5.5499999999999998	0.043491835999999999
Cs+	L1	Experiment	5.5999999999999996	0.062754257999999993
Cs+	L1	Experiment	5.6500000000000004	0.078344524999999998
Cs+	L1	Experiment	5.7000000000000002	0.10272373
Cs+	L1	Experiment	5.75	0.071390996999999998
Cs+	L1	Experiment	5.7999999999999998	0.046029777000000001
Cs+	L1	Experiment	5.8499999999999996	0.087447752000000004
Cs+	L1	Experiment	5.9000000000000004	0.097155572999999995
Cs+	L1	Experiment	5.9500000000000002	0.062154265
Cs+	L1	Experiment	6	0.047641295
Cs+	L1	Experiment	6.0499999999999998	0.078914403999999994
Cs+	L1	Experiment	6.0999999999999996	0.074913851000000004
Cs+	L1	Experiment	6.1500000000000004	0.055088206000000001
Cs+	L1	Experiment	6.2000000000000002	0.053895548000000001
Cs+	L1	Experiment	6.25	0.0052001723
Cs+	L1	Experiment	6.2999999999999998	-0.063764652000000005
Cs+	L1	Experiment	6.3499999999999996	-0.063465381000000001
Cs+	L1	Experiment	6.4000000000000004	-0.050466083000000002
Cs+	L1	Experiment	6.4500000000000002	-0.031395089000000001
Cs+	L1	Experiment	6.5	-0.025780597999999998
Cs+	L1	Experiment	6.5499999999999998	-0.075787978000000006
Cs+	L1	Experiment	6.5999999999999996	-0.093716718000000004
Cs+	L1	Experiment	6.6500000000000004	-0.079298301000000002
Cs+	L1	Experiment	6.7000000000000002	-0.040246315999999997
Cs+	L1	Experiment	6.75	-0.055616841
Cs+	L1	Experiment	6.7999999999999998	-0.100552
Cs+	L1	Experiment	6.8499999999999996	-0.067846613
Cs+	L1	Experiment	6.9000000000000004	-0.0053618744000000001
Cs+	L1	Experiment	6.9500000000000002	0.1024766
Cs+	L1	Experiment	7	0.12935203000000001
Cs+	L1	Experiment	7.0499999999999998	0.012967350000000001
Cs+	L1	Experiment	7.0999999999999996	0.040559923999999997
Cs+	L1	Experiment	7.1500000000000004	0.060960509000000003
Cs+	L1	Experiment	7.2000000000000002	0.0067987051
Cs+	L1	Experiment	7.25	-0.019265989000000001
Cs+	L1	Experiment	7.2999999999999998	-0.044208198999999997
Cs+	L1	Experiment	7.3499999999999996	-0.066935833
Cs+	L1	Experiment	7.4000000000000004	-0.063600953000000002
Cs+	L1	Experiment	7.4500000000000002	0.014546869
Cs+	L1	Experiment	7.5	0.090784311000000006
Cs+	L1	Experiment	7.5499999999999998	0.052846790999999997
Cs+	L1	Experiment	7.5999999999999996	-0.0092418420000000001
Cs+	L1	Experiment	7.6500000000000004	0.030634379
Cs+	L1	Experiment	7.7000000000000002	-0.012204654000000001
Cs+	L1	Experiment	7.75	0.04533301
Cs+	L1	Experiment	7.7999999999999998	0.13558333
Cs+	L1	Experiment	7.8499999999999996	-0.00015821507000000001
Cs+	L1	Experiment	7.9000000000000004	-0.074183820999999997
Cs+	L1	Experiment	7.9500000000000002	-0.039239580000000003
Cs+	L1	Experiment	8	0.010645494
