ion	method	component	energy_kcal_mol
F-	PBE-D3	pauli_dispersion_buffer	49.765000000000001
F-	B3LYP-D3	pauli_dispersion_buffer	49.238
F-	PBE0-D3	pauli_dispersion_buffer	46.920000000000002
F-	ωB97X-D3	pauli_dispersion_buffer	47.125999999999998
F-	MB-nrg	pauli_dispersion_buffer	0
F-	PBE-D3	qc_buffer	0
F-	B3LYP-D3	qc_buffer	0
F-	PBE0-D3	qc_buffer	0
F-	ωB97X-D3	qc_buffer	0
F-	MB-nrg	qc_buffer	24.774000000000001
F-	PBE-D3	pauli_dispersion	-49.765000000000001
F-	B3LYP-D3	pauli_dispersion	-49.238
F-	PBE0-D3	pauli_dispersion	-46.920000000000002
F-	ωB97X-D3	pauli_dispersion	-47.125999999999998
F-	MB-nrg	pauli_dispersion	-0
F-	PBE-D3	qc	-0
F-	B3LYP-D3	qc	-0
F-	PBE0-D3	qc	-0
F-	ωB97X-D3	qc	-0
F-	MB-nrg	qc	-24.774000000000001
F-	PBE-D3	dispersion	0
F-	B3LYP-D3	dispersion	0
F-	PBE0-D3	dispersion	0
F-	ωB97X-D3	dispersion	0
F-	MB-nrg	dispersion	-3.052
F-	PBE-D3	d3	-0.22500000000000001
F-	B3LYP-D3	d3	-0.40899999999999997
F-	PBE0-D3	d3	-0.23599999999999999
F-	ωB97X-D3	d3	0
F-	MB-nrg	d3	0
F-	PBE-D3	polarization	-19.254999999999999
F-	B3LYP-D3	polarization	-19.530000000000001
F-	PBE0-D3	polarization	-19.369
F-	ωB97X-D3	polarization	-19.02
F-	MB-nrg	polarization	-20.292000000000002
F-	PBE-D3	charge_transfer	-16.885000000000002
F-	B3LYP-D3	charge_transfer	-15.081
F-	PBE0-D3	charge_transfer	-14.962999999999999
F-	ωB97X-D3	charge_transfer	-14.547000000000001
F-	MB-nrg	charge_transfer	0
F-	PBE-D3	electrostatics	-46.494
F-	B3LYP-D3	electrostatics	-46.915999999999997
F-	PBE0-D3	electrostatics	-46.561
F-	ωB97X-D3	electrostatics	-46.225999999999999
F-	MB-nrg	electrostatics	-34.039000000000001
I-	PBE-D3	pauli_dispersion_buffer	8.4760000000000009
I-	B3LYP-D3	pauli_dispersion_buffer	9.3140000000000001
I-	PBE0-D3	pauli_dispersion_buffer	8.0670000000000002
I-	ωB97X-D3	pauli_dispersion_buffer	8.3699999999999992
I-	MB-nrg	pauli_dispersion_buffer	0
I-	PBE-D3	qc_buffer	0
I-	B3LYP-D3	qc_buffer	0
I-	PBE0-D3	qc_buffer	0
I-	ωB97X-D3	qc_buffer	0
I-	MB-nrg	qc_buffer	5.2960000000000003
I-	PBE-D3	pauli_dispersion	-8.4760000000000009
I-	B3LYP-D3	pauli_dispersion	-9.3140000000000001
I-	PBE0-D3	pauli_dispersion	-8.0670000000000002
I-	ωB97X-D3	pauli_dispersion	-8.3699999999999992
I-	MB-nrg	pauli_dispersion	-0
I-	PBE-D3	qc	-0
I-	B3LYP-D3	qc	-0
I-	PBE0-D3	qc	-0
I-	ωB97X-D3	qc	-0
I-	MB-nrg	qc	-5.2960000000000003
I-	PBE-D3	dispersion	0
I-	B3LYP-D3	dispersion	0
I-	PBE0-D3	dispersion	0
I-	ωB97X-D3	dispersion	0
I-	MB-nrg	dispersion	-1.847
I-	PBE-D3	d3	-0.45300000000000001
I-	B3LYP-D3	d3	-0.89700000000000002
I-	PBE0-D3	d3	-0.505
I-	ωB97X-D3	d3	0
I-	MB-nrg	d3	0
I-	PBE-D3	polarization	-2.3559999999999999
I-	B3LYP-D3	polarization	-2.3159999999999998
I-	PBE0-D3	polarization	-2.319
I-	ωB97X-D3	polarization	-2.2280000000000002
I-	MB-nrg	polarization	-3.1600000000000001
I-	PBE-D3	charge_transfer	-4.0229999999999997
I-	B3LYP-D3	charge_transfer	-3.5430000000000001
I-	PBE0-D3	charge_transfer	-3.3719999999999999
I-	ωB97X-D3	charge_transfer	-3.1589999999999998
I-	MB-nrg	charge_transfer	0
I-	PBE-D3	electrostatics	-13.763999999999999
I-	B3LYP-D3	electrostatics	-13.888
I-	PBE0-D3	electrostatics	-13.724
I-	ωB97X-D3	electrostatics	-13.754
I-	MB-nrg	electrostatics	-11.242000000000001
Li+	PBE-D3	pauli_dispersion	12.003
Li+	B3LYP-D3	pauli_dispersion	11.756
Li+	PBE0-D3	pauli_dispersion	11.712
Li+	ωB97X-D3	pauli_dispersion	13.204000000000001
Li+	MB-nrg	pauli_dispersion	0
Li+	PBE-D3	qc	0
Li+	B3LYP-D3	qc	0
Li+	PBE0-D3	qc	0
Li+	ωB97X-D3	qc	0
Li+	MB-nrg	qc	20.742000000000001
Li+	PBE-D3	dispersion	0
Li+	B3LYP-D3	dispersion	0
Li+	PBE0-D3	dispersion	0
Li+	ωB97X-D3	dispersion	0
Li+	MB-nrg	dispersion	-0.80500000000000005
Li+	PBE-D3	d3	-0.039698999999999998
Li+	B3LYP-D3	d3	-0.088428000000000007
Li+	PBE0-D3	d3	-0.048561
Li+	ωB97X-D3	d3	-0.096533999999999995
Li+	MB-nrg	d3	0
Li+	PBE-D3	polarization	-11.138
Li+	B3LYP-D3	polarization	-10.846
Li+	PBE0-D3	polarization	-10.77
Li+	ωB97X-D3	polarization	-10.194000000000001
Li+	MB-nrg	polarization	-21.984999999999999
Li+	PBE-D3	charge_transfer	-4.1109999999999998
Li+	B3LYP-D3	charge_transfer	-3.9489999999999998
Li+	PBE0-D3	charge_transfer	-3.8130000000000002
Li+	ωB97X-D3	charge_transfer	-3.7650000000000001
Li+	MB-nrg	charge_transfer	0
Li+	PBE-D3	electrostatics	-31.509
Li+	B3LYP-D3	electrostatics	-32.709000000000003
Li+	PBE0-D3	electrostatics	-32.738
Li+	ωB97X-D3	electrostatics	-33.131999999999998
Li+	MB-nrg	electrostatics	-32.750999999999998
Cs+	PBE-D3	pauli_dispersion	7.0540000000000003
Cs+	B3LYP-D3	pauli_dispersion	7.3609999999999998
Cs+	PBE0-D3	pauli_dispersion	6.6299999999999999
Cs+	ωB97X-D3	pauli_dispersion	5.0229999999999997
Cs+	MB-nrg	pauli_dispersion	0
Cs+	PBE-D3	qc	0
Cs+	B3LYP-D3	qc	0
Cs+	PBE0-D3	qc	0
Cs+	ωB97X-D3	qc	0
Cs+	MB-nrg	qc	3.9689999999999999
Cs+	PBE-D3	dispersion	0
Cs+	B3LYP-D3	dispersion	0
Cs+	PBE0-D3	dispersion	0
Cs+	ωB97X-D3	dispersion	0
Cs+	MB-nrg	dispersion	-1.1499999999999999
Cs+	PBE-D3	d3	-0.39610299999999998
Cs+	B3LYP-D3	d3	-0.89694799999999997
Cs+	PBE0-D3	d3	-0.49150199999999999
Cs+	ωB97X-D3	d3	-0.78494600000000003
Cs+	MB-nrg	d3	0
Cs+	PBE-D3	polarization	-3.113
Cs+	B3LYP-D3	polarization	-3.0489999999999999
Cs+	PBE0-D3	polarization	-3.0649999999999999
Cs+	ωB97X-D3	polarization	-3.2679999999999998
Cs+	MB-nrg	polarization	-3.4950000000000001
Cs+	PBE-D3	charge_transfer	-1.8859999999999999
Cs+	B3LYP-D3	charge_transfer	-1.542
Cs+	PBE0-D3	charge_transfer	-1.55
Cs+	ωB97X-D3	charge_transfer	-1.3520000000000001
Cs+	MB-nrg	charge_transfer	0
Cs+	PBE-D3	electrostatics	-15.563000000000001
Cs+	B3LYP-D3	electrostatics	-15.984999999999999
Cs+	PBE0-D3	electrostatics	-15.834
Cs+	ωB97X-D3	electrostatics	-15.952999999999999
Cs+	MB-nrg	electrostatics	-13.750999999999999
