table	source_path	source_sha256	original_path	original_sha256
figure_1_almo_eda.tsv	figure_1/data/almo_eda/evs_FLUORIDE_ISOMER1.agr	9b0d43ee7806af721aba1e6fd582e98f6d5b542f7ebc50d67c4e5497ef27c83a	/data/lab/papers/2026/perspective/figure_1/data/almo_eda/evs_FLUORIDE_ISOMER1.agr	9b0d43ee7806af721aba1e6fd582e98f6d5b542f7ebc50d67c4e5497ef27c83a
figure_1_almo_eda.tsv	figure_1/data/almo_eda/evs_IODIDE_ISOMER1.agr	cbae05576cefc15f1d1f8b9610acebedf5f43903322a3b134647942a673f7a72	/data/lab/papers/2026/perspective/figure_1/data/almo_eda/evs_IODIDE_ISOMER1.agr	cbae05576cefc15f1d1f8b9610acebedf5f43903322a3b134647942a673f7a72
figure_1_almo_eda.tsv	figure_1/data/almo_eda/model_eda.dat	2cfa8d95c2c7629ac360421c48a2bbed296fb7d5b49afe8b1fb77181e6e42b3c	/data/lab/papers/2026/perspective/figure_1/data/almo_eda/model_eda.dat	2cfa8d95c2c7629ac360421c48a2bbed296fb7d5b49afe8b1fb77181e6e42b3c
figure_1_almo_eda.tsv	figure_1/scripts/plot_panel_e_li_almo_eda.py	d865fcc03a903ef1ebb749ff64f05777f5bf05b46c1e5dbe537894dbb790c5ae	/data/lab/papers/2026/perspective/figure_1/scripts/plot_panel_e_li_almo_eda.py	d865fcc03a903ef1ebb749ff64f05777f5bf05b46c1e5dbe537894dbb790c5ae
figure_1_almo_eda.tsv	figure_1/scripts/plot_panel_f_cs_almo_eda.py	68d18dd229b37a66229118e5a5cb161659c003b8d41aaaf22d2777409901ed20	/data/lab/papers/2026/perspective/figure_1/scripts/plot_panel_f_cs_almo_eda.py	68d18dd229b37a66229118e5a5cb161659c003b8d41aaaf22d2777409901ed20
figure_1_almo_eda.tsv	figure_1/scripts/plot_panel_g_f_almo_eda.py	0663349f1b0b0d57fc0c95cc4230b9f447e53885185ca56de06f493e5fa6d358	/data/lab/papers/2026/perspective/figure_1/scripts/plot_panel_g_f_almo_eda.py	0663349f1b0b0d57fc0c95cc4230b9f447e53885185ca56de06f493e5fa6d358
figure_1_almo_eda.tsv	figure_1/scripts/plot_panel_h_i_almo_eda.py	23bad186550dfcfb693011cb0b45e733fbc80dc5ade94151fc2db54cb4f347eb	/data/lab/papers/2026/perspective/figure_1/scripts/plot_panel_h_i_almo_eda.py	23bad186550dfcfb693011cb0b45e733fbc80dc5ade94151fc2db54cb4f347eb
figure_1_almo_eda.tsv	figure_1/scripts/plot_style.py	2eaa6a459a68ef5f030ee2b7cad71115082fe147de5e8f1cab78cde7dcfef370	/data/lab/papers/2026/perspective/figure_1/scripts/plot_style.py	2eaa6a459a68ef5f030ee2b7cad71115082fe147de5e8f1cab78cde7dcfef370
figure_1_energy_rmse.tsv	figure_1/data/alkali_energy/cs/func_ind_eq.txt	815181b020e9060af145f3f59db2e3ce1fce09670229382cd23b351cf9e0f50c	/data/lab/papers/2026/perspective/figure_1/data/alkali_energy/cs/func_ind_eq.txt	815181b020e9060af145f3f59db2e3ce1fce09670229382cd23b351cf9e0f50c
figure_1_energy_rmse.tsv	figure_1/data/alkali_energy/cs/mb-nrg_rmsd_plot.dat	5bdd5e21d5a134f47bafffb1e3db90136126ac43d5323f7f37533ebef84424bc	/data/lab/papers/2026/perspective/figure_1/data/alkali_energy/cs/mb-nrg_rmsd_plot.dat	5bdd5e21d5a134f47bafffb1e3db90136126ac43d5323f7f37533ebef84424bc
figure_1_energy_rmse.tsv	figure_1/data/alkali_energy/cs/rmsd_20.0.dat	6286474c9e9ef57e4d74d7533d133eca201d2c63bc5a162a23b8a87cc68aa1e7	/data/lab/papers/2026/perspective/figure_1/data/alkali_energy/cs/rmsd_20.0.dat	6286474c9e9ef57e4d74d7533d133eca201d2c63bc5a162a23b8a87cc68aa1e7
figure_1_energy_rmse.tsv	figure_1/data/alkali_energy/k/func_ind_eq.txt	815181b020e9060af145f3f59db2e3ce1fce09670229382cd23b351cf9e0f50c	/data/lab/papers/2026/perspective/figure_1/data/alkali_energy/k/func_ind_eq.txt	815181b020e9060af145f3f59db2e3ce1fce09670229382cd23b351cf9e0f50c
figure_1_energy_rmse.tsv	figure_1/data/alkali_energy/k/mb-nrg_rmsd_plot.dat	4214e7ed8f56075911faba566ca5380947727305b790d4a99707c86e75065686	/data/lab/papers/2026/perspective/figure_1/data/alkali_energy/k/mb-nrg_rmsd_plot.dat	4214e7ed8f56075911faba566ca5380947727305b790d4a99707c86e75065686
figure_1_energy_rmse.tsv	figure_1/data/alkali_energy/k/rmsd_20.0.dat	7eabdd4abe35c48e9e4c1760e2fc31d0bebe5d834dfe9a76cba64cd92b8b6a6f	/data/lab/papers/2026/perspective/figure_1/data/alkali_energy/k/rmsd_20.0.dat	7eabdd4abe35c48e9e4c1760e2fc31d0bebe5d834dfe9a76cba64cd92b8b6a6f
figure_1_energy_rmse.tsv	figure_1/data/alkali_energy/li/func_ind_eq.txt	815181b020e9060af145f3f59db2e3ce1fce09670229382cd23b351cf9e0f50c	/data/lab/papers/2026/perspective/figure_1/data/alkali_energy/li/func_ind_eq.txt	815181b020e9060af145f3f59db2e3ce1fce09670229382cd23b351cf9e0f50c
figure_1_energy_rmse.tsv	figure_1/data/alkali_energy/li/mb-nrg_rmsd_plot.dat	cb13c64ef6dddc530f4fac6b407cb36f4e382f1327e0f8152f018bc83a9e4b56	/data/lab/papers/2026/perspective/figure_1/data/alkali_energy/li/mb-nrg_rmsd_plot.dat	cb13c64ef6dddc530f4fac6b407cb36f4e382f1327e0f8152f018bc83a9e4b56
figure_1_energy_rmse.tsv	figure_1/data/alkali_energy/li/rmsd_20.0.dat	d7b64cb92880028e59b7756688dc2c62715953ad57cb64fe874162b42b85c1e8	/data/lab/papers/2026/perspective/figure_1/data/alkali_energy/li/rmsd_20.0.dat	d7b64cb92880028e59b7756688dc2c62715953ad57cb64fe874162b42b85c1e8
figure_1_energy_rmse.tsv	figure_1/data/alkali_energy/na/func_ind_eq.txt	815181b020e9060af145f3f59db2e3ce1fce09670229382cd23b351cf9e0f50c	/data/lab/papers/2026/perspective/figure_1/data/alkali_energy/na/func_ind_eq.txt	815181b020e9060af145f3f59db2e3ce1fce09670229382cd23b351cf9e0f50c
figure_1_energy_rmse.tsv	figure_1/data/alkali_energy/na/mb-nrg_rmsd_plot.dat	9353178e97a83b467f78673ca057a234fe40417904f144f505a168ec99076dc4	/data/lab/papers/2026/perspective/figure_1/data/alkali_energy/na/mb-nrg_rmsd_plot.dat	9353178e97a83b467f78673ca057a234fe40417904f144f505a168ec99076dc4
figure_1_energy_rmse.tsv	figure_1/data/alkali_energy/na/rmsd_20.0.dat	95fc70a645bf45666419b859fde04dc53f6ba70d6b3b1f4a6c38650e834ff6b0	/data/lab/papers/2026/perspective/figure_1/data/alkali_energy/na/rmsd_20.0.dat	95fc70a645bf45666419b859fde04dc53f6ba70d6b3b1f4a6c38650e834ff6b0
figure_1_energy_rmse.tsv	figure_1/data/alkali_energy/rb/func_ind_eq.txt	815181b020e9060af145f3f59db2e3ce1fce09670229382cd23b351cf9e0f50c	/data/lab/papers/2026/perspective/figure_1/data/alkali_energy/rb/func_ind_eq.txt	815181b020e9060af145f3f59db2e3ce1fce09670229382cd23b351cf9e0f50c
figure_1_energy_rmse.tsv	figure_1/data/alkali_energy/rb/mb-nrg_rmsd_plot.dat	7dddbf08a6bee6ffbad5fe297d6b596e8d9caca7926294b6c7870a8c9e3944b4	/data/lab/papers/2026/perspective/figure_1/data/alkali_energy/rb/mb-nrg_rmsd_plot.dat	7dddbf08a6bee6ffbad5fe297d6b596e8d9caca7926294b6c7870a8c9e3944b4
figure_1_energy_rmse.tsv	figure_1/data/alkali_energy/rb/rmsd_20.0.dat	cc01f38b6e9da8cd0aa1a55d329a19a280f8b52c7d76157bf3362b78bd54dfe2	/data/lab/papers/2026/perspective/figure_1/data/alkali_energy/rb/rmsd_20.0.dat	cc01f38b6e9da8cd0aa1a55d329a19a280f8b52c7d76157bf3362b78bd54dfe2
figure_1_energy_rmse.tsv	figure_1/data/halide_energy/dft_rmsds_allions.agr	d5d064941ac4f02e503b3e43d0115a61c187a092ad54d5abc3582b5645483a39	/data/lab/papers/2026/perspective/figure_1/data/halide_energy/dft_rmsds_allions.agr	d5d064941ac4f02e503b3e43d0115a61c187a092ad54d5abc3582b5645483a39
figure_1_energy_rmse.tsv	figure_1/scripts/plot_panel_a_alkali_energy.py	58603d1cced8f7fdc02328126b079a9f8f5242c67884d2685865b7b843b4f319	/data/lab/papers/2026/perspective/figure_1/scripts/plot_panel_a_alkali_energy.py	8dc83c282fc5a815f5ea6ffc62efce298338264c196cf9f35dc2e40b8e595aed
figure_1_energy_rmse.tsv	figure_1/scripts/plot_panel_b_halide_energy.py	423b9cd77467939d7707141b1f3c119ad92a6ff74c3cc6c2b23a5188bb5710b1	/data/lab/papers/2026/perspective/figure_1/scripts/plot_panel_b_halide_energy.py	01b0d4fbe100bbeccb483a03c81ca85a7e31f4790cd14e3712ad0cb49a273feb
figure_1_energy_rmse.tsv	figure_1/scripts/plot_style.py	2eaa6a459a68ef5f030ee2b7cad71115082fe147de5e8f1cab78cde7dcfef370	/data/lab/papers/2026/perspective/figure_1/scripts/plot_style.py	2eaa6a459a68ef5f030ee2b7cad71115082fe147de5e8f1cab78cde7dcfef370
figure_2_frequency_errors.tsv	figure_1/data/alkali_frequency/cs/freqs_as_wdisp_df.dat	93fa47badade200bd6586a527ac1e6e0446fd70ffba39d4665b1e4c73cc1d859	/data/lab/papers/2026/perspective/figure_1/data/alkali_frequency/cs/freqs_as_wdisp_df.dat	93fa47badade200bd6586a527ac1e6e0446fd70ffba39d4665b1e4c73cc1d859
figure_2_frequency_errors.tsv	figure_1/data/alkali_frequency/cs/freqs_as_wodisp_df.dat	af91da22706505ff32f70070d7e6a0e95f957e33788cbec75ff72da323c74e5c	/data/lab/papers/2026/perspective/figure_1/data/alkali_frequency/cs/freqs_as_wodisp_df.dat	af91da22706505ff32f70070d7e6a0e95f957e33788cbec75ff72da323c74e5c
figure_2_frequency_errors.tsv	figure_1/data/alkali_frequency/cs/freqs_bending_wdisp_df.dat	0453595f01589e32c9e0d8fc8c0a9dd4c6c58a1358244f1cb8ebc3472fbd0868	/data/lab/papers/2026/perspective/figure_1/data/alkali_frequency/cs/freqs_bending_wdisp_df.dat	0453595f01589e32c9e0d8fc8c0a9dd4c6c58a1358244f1cb8ebc3472fbd0868
figure_2_frequency_errors.tsv	figure_1/data/alkali_frequency/cs/freqs_bending_wodisp_df.dat	31ac9ff82cbab8016b85e98ba781381641a6bf0e79482cef144ecd7437404fb3	/data/lab/papers/2026/perspective/figure_1/data/alkali_frequency/cs/freqs_bending_wodisp_df.dat	31ac9ff82cbab8016b85e98ba781381641a6bf0e79482cef144ecd7437404fb3
figure_2_frequency_errors.tsv	figure_1/data/alkali_frequency/cs/freqs_ss_wdisp_df.dat	60ab31f92b6e40c0e30920ff3e774d49226b8b7083bedb3d49bea469e4f92d71	/data/lab/papers/2026/perspective/figure_1/data/alkali_frequency/cs/freqs_ss_wdisp_df.dat	60ab31f92b6e40c0e30920ff3e774d49226b8b7083bedb3d49bea469e4f92d71
figure_2_frequency_errors.tsv	figure_1/data/alkali_frequency/cs/freqs_ss_wodisp_df.dat	c75a6f8c60d17a6a7aee60214eee1ba55f773aaf705ddc7e8fd69e668621237d	/data/lab/papers/2026/perspective/figure_1/data/alkali_frequency/cs/freqs_ss_wodisp_df.dat	c75a6f8c60d17a6a7aee60214eee1ba55f773aaf705ddc7e8fd69e668621237d
figure_2_frequency_errors.tsv	figure_1/data/alkali_frequency/cs/func_ind_eq.txt	815181b020e9060af145f3f59db2e3ce1fce09670229382cd23b351cf9e0f50c	/data/lab/papers/2026/perspective/figure_1/data/alkali_frequency/cs/func_ind_eq.txt	815181b020e9060af145f3f59db2e3ce1fce09670229382cd23b351cf9e0f50c
figure_2_frequency_errors.tsv	figure_1/data/alkali_frequency/cs/mb-nrg_asymstretch.dat	003a0e16706374688d087483086265d827f3045a210d13cb1b7932e7f268b5f4	/data/lab/papers/2026/perspective/figure_1/data/alkali_frequency/cs/mb-nrg_asymstretch.dat	003a0e16706374688d087483086265d827f3045a210d13cb1b7932e7f268b5f4
figure_2_frequency_errors.tsv	figure_1/data/alkali_frequency/cs/mb-nrg_bend.dat	5fd26c8f385800f88cc2c654aed4ac66d6fbf619df42140733288417313289a6	/data/lab/papers/2026/perspective/figure_1/data/alkali_frequency/cs/mb-nrg_bend.dat	5fd26c8f385800f88cc2c654aed4ac66d6fbf619df42140733288417313289a6
figure_2_frequency_errors.tsv	figure_1/data/alkali_frequency/cs/mb-nrg_symstretch.dat	a689c858f2d2bdf080850fd62811ea0e3d5f207935fd3edc934b0ca0cd46772b	/data/lab/papers/2026/perspective/figure_1/data/alkali_frequency/cs/mb-nrg_symstretch.dat	a689c858f2d2bdf080850fd62811ea0e3d5f207935fd3edc934b0ca0cd46772b
figure_2_frequency_errors.tsv	figure_1/data/alkali_frequency/k/freqs_as_wdisp_df.dat	d601fda0fa5e474f39ee40d4329261de1cad68dfcfcb2cc0c38f4ed0c7a6c0b0	/data/lab/papers/2026/perspective/figure_1/data/alkali_frequency/k/freqs_as_wdisp_df.dat	d601fda0fa5e474f39ee40d4329261de1cad68dfcfcb2cc0c38f4ed0c7a6c0b0
figure_2_frequency_errors.tsv	figure_1/data/alkali_frequency/k/freqs_as_wodisp_df.dat	57c6a05a196b1ddefac96b4b75a0749b031d5253cba073d463c7156e78fc2d1b	/data/lab/papers/2026/perspective/figure_1/data/alkali_frequency/k/freqs_as_wodisp_df.dat	57c6a05a196b1ddefac96b4b75a0749b031d5253cba073d463c7156e78fc2d1b
figure_2_frequency_errors.tsv	figure_1/data/alkali_frequency/k/freqs_bending_wdisp_df.dat	db39c61c21305ce7f65dfcacef64c5d3c86a848bec7760ee32e34604d90fc7b7	/data/lab/papers/2026/perspective/figure_1/data/alkali_frequency/k/freqs_bending_wdisp_df.dat	db39c61c21305ce7f65dfcacef64c5d3c86a848bec7760ee32e34604d90fc7b7
figure_2_frequency_errors.tsv	figure_1/data/alkali_frequency/k/freqs_bending_wodisp_df.dat	93a5f4b2f8637e1fe7d39d5df92e5c468e6cefdccbdea89547df5fa8646a7a7c	/data/lab/papers/2026/perspective/figure_1/data/alkali_frequency/k/freqs_bending_wodisp_df.dat	93a5f4b2f8637e1fe7d39d5df92e5c468e6cefdccbdea89547df5fa8646a7a7c
figure_2_frequency_errors.tsv	figure_1/data/alkali_frequency/k/freqs_ss_wdisp_df.dat	a52018e58d3360739eb4866a008bb8d22992d793602b7e7b1395829f03e6b66a	/data/lab/papers/2026/perspective/figure_1/data/alkali_frequency/k/freqs_ss_wdisp_df.dat	a52018e58d3360739eb4866a008bb8d22992d793602b7e7b1395829f03e6b66a
figure_2_frequency_errors.tsv	figure_1/data/alkali_frequency/k/freqs_ss_wodisp_df.dat	3ef4ea461d18fbc307b3549868dcfddb934bc6b7b0f03c89a16119a76be64ccc	/data/lab/papers/2026/perspective/figure_1/data/alkali_frequency/k/freqs_ss_wodisp_df.dat	3ef4ea461d18fbc307b3549868dcfddb934bc6b7b0f03c89a16119a76be64ccc
figure_2_frequency_errors.tsv	figure_1/data/alkali_frequency/k/func_ind_eq.txt	815181b020e9060af145f3f59db2e3ce1fce09670229382cd23b351cf9e0f50c	/data/lab/papers/2026/perspective/figure_1/data/alkali_frequency/k/func_ind_eq.txt	815181b020e9060af145f3f59db2e3ce1fce09670229382cd23b351cf9e0f50c
figure_2_frequency_errors.tsv	figure_1/data/alkali_frequency/k/mb-nrg_asymstretch.dat	62fe4f6139deb0ce3c499c0ca70b890832e5a09abb551da51ef6608d06b7f139	/data/lab/papers/2026/perspective/figure_1/data/alkali_frequency/k/mb-nrg_asymstretch.dat	62fe4f6139deb0ce3c499c0ca70b890832e5a09abb551da51ef6608d06b7f139
figure_2_frequency_errors.tsv	figure_1/data/alkali_frequency/k/mb-nrg_bend.dat	4194fc8852b2997c33b219525aa07d6ebf7f913fbd07ad2612a3186a19949a99	/data/lab/papers/2026/perspective/figure_1/data/alkali_frequency/k/mb-nrg_bend.dat	4194fc8852b2997c33b219525aa07d6ebf7f913fbd07ad2612a3186a19949a99
figure_2_frequency_errors.tsv	figure_1/data/alkali_frequency/k/mb-nrg_symstretch.dat	c51818e0df70c027f777816d8a0b85effb4e20090d190002f6a6192116991483	/data/lab/papers/2026/perspective/figure_1/data/alkali_frequency/k/mb-nrg_symstretch.dat	c51818e0df70c027f777816d8a0b85effb4e20090d190002f6a6192116991483
figure_2_frequency_errors.tsv	figure_1/data/alkali_frequency/li/freqs_as_wdisp_df.dat	f0bf19dfe7ec169c19fe45effb7b640d8b551d8785199e5ea8e4b84899d149c8	/data/lab/papers/2026/perspective/figure_1/data/alkali_frequency/li/freqs_as_wdisp_df.dat	f0bf19dfe7ec169c19fe45effb7b640d8b551d8785199e5ea8e4b84899d149c8
figure_2_frequency_errors.tsv	figure_1/data/alkali_frequency/li/freqs_as_wodisp_df.dat	2bc2facde13d96de30deb7fca4fc16b7e1d63778a980124b5b07923c76dd1ae7	/data/lab/papers/2026/perspective/figure_1/data/alkali_frequency/li/freqs_as_wodisp_df.dat	2bc2facde13d96de30deb7fca4fc16b7e1d63778a980124b5b07923c76dd1ae7
figure_2_frequency_errors.tsv	figure_1/data/alkali_frequency/li/freqs_bending_wdisp_df.dat	1ae524f2f8484ae3199df05db8b1e9334265215904863bcd2d015db7b5595893	/data/lab/papers/2026/perspective/figure_1/data/alkali_frequency/li/freqs_bending_wdisp_df.dat	1ae524f2f8484ae3199df05db8b1e9334265215904863bcd2d015db7b5595893
figure_2_frequency_errors.tsv	figure_1/data/alkali_frequency/li/freqs_bending_wodisp_df.dat	65040f07a17bf9b8c9bde6bd10c2ba398f98189bed61d8ad19f7320a20bc4048	/data/lab/papers/2026/perspective/figure_1/data/alkali_frequency/li/freqs_bending_wodisp_df.dat	65040f07a17bf9b8c9bde6bd10c2ba398f98189bed61d8ad19f7320a20bc4048
figure_2_frequency_errors.tsv	figure_1/data/alkali_frequency/li/freqs_ss_wdisp_df.dat	6f4ae03bbe48b450b2a9addc9cebed021e806e3eebed11c18ce150ba68e10101	/data/lab/papers/2026/perspective/figure_1/data/alkali_frequency/li/freqs_ss_wdisp_df.dat	6f4ae03bbe48b450b2a9addc9cebed021e806e3eebed11c18ce150ba68e10101
figure_2_frequency_errors.tsv	figure_1/data/alkali_frequency/li/freqs_ss_wodisp_df.dat	c985cdec3c9441616097abe078aa4c7bb4d983906216ffd30a212530d4b6f2ae	/data/lab/papers/2026/perspective/figure_1/data/alkali_frequency/li/freqs_ss_wodisp_df.dat	c985cdec3c9441616097abe078aa4c7bb4d983906216ffd30a212530d4b6f2ae
figure_2_frequency_errors.tsv	figure_1/data/alkali_frequency/li/func_ind_eq.txt	815181b020e9060af145f3f59db2e3ce1fce09670229382cd23b351cf9e0f50c	/data/lab/papers/2026/perspective/figure_1/data/alkali_frequency/li/func_ind_eq.txt	815181b020e9060af145f3f59db2e3ce1fce09670229382cd23b351cf9e0f50c
figure_2_frequency_errors.tsv	figure_1/data/alkali_frequency/li/mb-nrg_asymstretch.dat	63c59b8c0683c2e8850d53aa57f58f40a50d60ec0b1675707558f666354db8bb	/data/lab/papers/2026/perspective/figure_1/data/alkali_frequency/li/mb-nrg_asymstretch.dat	63c59b8c0683c2e8850d53aa57f58f40a50d60ec0b1675707558f666354db8bb
figure_2_frequency_errors.tsv	figure_1/data/alkali_frequency/li/mb-nrg_bend.dat	58b6843e9434b63cdc4667359dc35df8a9d0447cc06825776e5ff7aa770ed4d6	/data/lab/papers/2026/perspective/figure_1/data/alkali_frequency/li/mb-nrg_bend.dat	58b6843e9434b63cdc4667359dc35df8a9d0447cc06825776e5ff7aa770ed4d6
figure_2_frequency_errors.tsv	figure_1/data/alkali_frequency/li/mb-nrg_symstretch.dat	ecbad08c083d547d1ea2563383277ec9819084e67c041b4564cd42e1ca3a2133	/data/lab/papers/2026/perspective/figure_1/data/alkali_frequency/li/mb-nrg_symstretch.dat	ecbad08c083d547d1ea2563383277ec9819084e67c041b4564cd42e1ca3a2133
figure_2_frequency_errors.tsv	figure_1/data/alkali_frequency/na/freqs_as_wdisp_df.dat	513a2ba0b53bd7a86527dd86da13166976a137953e638683693ff39821c4f6bc	/data/lab/papers/2026/perspective/figure_1/data/alkali_frequency/na/freqs_as_wdisp_df.dat	513a2ba0b53bd7a86527dd86da13166976a137953e638683693ff39821c4f6bc
figure_2_frequency_errors.tsv	figure_1/data/alkali_frequency/na/freqs_as_wodisp_df.dat	476b353154c400947fa8b766ba8d229638643cbb78795bd010d85dd3b70797ef	/data/lab/papers/2026/perspective/figure_1/data/alkali_frequency/na/freqs_as_wodisp_df.dat	476b353154c400947fa8b766ba8d229638643cbb78795bd010d85dd3b70797ef
figure_2_frequency_errors.tsv	figure_1/data/alkali_frequency/na/freqs_bending_wdisp_df.dat	beee1286c121735248ff4e2df3693cf62249f9a360b58457a57996fe19e08c72	/data/lab/papers/2026/perspective/figure_1/data/alkali_frequency/na/freqs_bending_wdisp_df.dat	beee1286c121735248ff4e2df3693cf62249f9a360b58457a57996fe19e08c72
figure_2_frequency_errors.tsv	figure_1/data/alkali_frequency/na/freqs_bending_wodisp_df.dat	6014686d49043b7dcb2a0d386fe5d9d4512638f4e4bb31715b6dc9a147772a36	/data/lab/papers/2026/perspective/figure_1/data/alkali_frequency/na/freqs_bending_wodisp_df.dat	6014686d49043b7dcb2a0d386fe5d9d4512638f4e4bb31715b6dc9a147772a36
figure_2_frequency_errors.tsv	figure_1/data/alkali_frequency/na/freqs_ss_wdisp_df.dat	5c1de9036f00097df203c65558f5b35c36a8b53dd4ced78667852ccaac74ec2b	/data/lab/papers/2026/perspective/figure_1/data/alkali_frequency/na/freqs_ss_wdisp_df.dat	5c1de9036f00097df203c65558f5b35c36a8b53dd4ced78667852ccaac74ec2b
figure_2_frequency_errors.tsv	figure_1/data/alkali_frequency/na/freqs_ss_wodisp_df.dat	53fe1d1de813fe8b6a6ed375b8090397df7edff1003ab8ab40a2b182875cc2aa	/data/lab/papers/2026/perspective/figure_1/data/alkali_frequency/na/freqs_ss_wodisp_df.dat	53fe1d1de813fe8b6a6ed375b8090397df7edff1003ab8ab40a2b182875cc2aa
figure_2_frequency_errors.tsv	figure_1/data/alkali_frequency/na/func_ind_eq.txt	815181b020e9060af145f3f59db2e3ce1fce09670229382cd23b351cf9e0f50c	/data/lab/papers/2026/perspective/figure_1/data/alkali_frequency/na/func_ind_eq.txt	815181b020e9060af145f3f59db2e3ce1fce09670229382cd23b351cf9e0f50c
figure_2_frequency_errors.tsv	figure_1/data/alkali_frequency/na/mb-nrg_asymstretch.dat	c0cde59d4c8a49450d520cedf86fb4088e320b3408af528857b3b30cabc3ded5	/data/lab/papers/2026/perspective/figure_1/data/alkali_frequency/na/mb-nrg_asymstretch.dat	c0cde59d4c8a49450d520cedf86fb4088e320b3408af528857b3b30cabc3ded5
figure_2_frequency_errors.tsv	figure_1/data/alkali_frequency/na/mb-nrg_bend.dat	da2223f29cb1b0848613b08e9bfbb7a356d8d7d82a86940e77c89da9914f2953	/data/lab/papers/2026/perspective/figure_1/data/alkali_frequency/na/mb-nrg_bend.dat	da2223f29cb1b0848613b08e9bfbb7a356d8d7d82a86940e77c89da9914f2953
figure_2_frequency_errors.tsv	figure_1/data/alkali_frequency/na/mb-nrg_symstretch.dat	9e5c3367e74c8bf0312a4335976b84cb6fd11ebed0e28ab8d5fa7146a51c69e0	/data/lab/papers/2026/perspective/figure_1/data/alkali_frequency/na/mb-nrg_symstretch.dat	9e5c3367e74c8bf0312a4335976b84cb6fd11ebed0e28ab8d5fa7146a51c69e0
figure_2_frequency_errors.tsv	figure_1/data/alkali_frequency/rb/freqs_as_wdisp_df.dat	09f1e0eee85eb7dc1c32d62514eb84658f41d12ff8f4b1cbe2f5143543f718df	/data/lab/papers/2026/perspective/figure_1/data/alkali_frequency/rb/freqs_as_wdisp_df.dat	09f1e0eee85eb7dc1c32d62514eb84658f41d12ff8f4b1cbe2f5143543f718df
figure_2_frequency_errors.tsv	figure_1/data/alkali_frequency/rb/freqs_as_wodisp_df.dat	49f1a5a5fce937024e3e8acdc8a9d0e13611959cfd2fde8cdc72c6b580c2e76f	/data/lab/papers/2026/perspective/figure_1/data/alkali_frequency/rb/freqs_as_wodisp_df.dat	49f1a5a5fce937024e3e8acdc8a9d0e13611959cfd2fde8cdc72c6b580c2e76f
figure_2_frequency_errors.tsv	figure_1/data/alkali_frequency/rb/freqs_bending_wdisp_df.dat	ad3fe59bef79450dd74b9e1eb5e68a7f23b30a22071b1052e7a8f81e09cfed99	/data/lab/papers/2026/perspective/figure_1/data/alkali_frequency/rb/freqs_bending_wdisp_df.dat	ad3fe59bef79450dd74b9e1eb5e68a7f23b30a22071b1052e7a8f81e09cfed99
figure_2_frequency_errors.tsv	figure_1/data/alkali_frequency/rb/freqs_bending_wodisp_df.dat	2416dd07202211db24d2901b384a6a42a74804415a2162ce829ad37512298f38	/data/lab/papers/2026/perspective/figure_1/data/alkali_frequency/rb/freqs_bending_wodisp_df.dat	2416dd07202211db24d2901b384a6a42a74804415a2162ce829ad37512298f38
figure_2_frequency_errors.tsv	figure_1/data/alkali_frequency/rb/freqs_ss_wdisp_df.dat	3b91c25033c24c52eebfd60cfd1747b09cc177bc481f0d7a22897ff24e80da11	/data/lab/papers/2026/perspective/figure_1/data/alkali_frequency/rb/freqs_ss_wdisp_df.dat	3b91c25033c24c52eebfd60cfd1747b09cc177bc481f0d7a22897ff24e80da11
figure_2_frequency_errors.tsv	figure_1/data/alkali_frequency/rb/freqs_ss_wodisp_df.dat	3828be86be07197ae9a28ffa6f1b05d3e7a2ce4300b3e6fa21e1af0d6e1d1edb	/data/lab/papers/2026/perspective/figure_1/data/alkali_frequency/rb/freqs_ss_wodisp_df.dat	3828be86be07197ae9a28ffa6f1b05d3e7a2ce4300b3e6fa21e1af0d6e1d1edb
figure_2_frequency_errors.tsv	figure_1/data/alkali_frequency/rb/func_ind_eq.txt	815181b020e9060af145f3f59db2e3ce1fce09670229382cd23b351cf9e0f50c	/data/lab/papers/2026/perspective/figure_1/data/alkali_frequency/rb/func_ind_eq.txt	815181b020e9060af145f3f59db2e3ce1fce09670229382cd23b351cf9e0f50c
figure_2_frequency_errors.tsv	figure_1/data/alkali_frequency/rb/mb-nrg_asymstretch.dat	a87e3fa3c9380451d673affd07f9ac0e8b7f4346f2e971a0213652d008fdd1da	/data/lab/papers/2026/perspective/figure_1/data/alkali_frequency/rb/mb-nrg_asymstretch.dat	a87e3fa3c9380451d673affd07f9ac0e8b7f4346f2e971a0213652d008fdd1da
figure_2_frequency_errors.tsv	figure_1/data/alkali_frequency/rb/mb-nrg_bend.dat	f9dc2bd54b0fae3518c3e9c236fb8a95afe3219301527861893c8b0042b898e2	/data/lab/papers/2026/perspective/figure_1/data/alkali_frequency/rb/mb-nrg_bend.dat	f9dc2bd54b0fae3518c3e9c236fb8a95afe3219301527861893c8b0042b898e2
figure_2_frequency_errors.tsv	figure_1/data/alkali_frequency/rb/mb-nrg_symstretch.dat	53f987a0eae811bb9fca33cd30a13a24d9df2be8b4e9163978fbe940b24d0a9f	/data/lab/papers/2026/perspective/figure_1/data/alkali_frequency/rb/mb-nrg_symstretch.dat	53f987a0eae811bb9fca33cd30a13a24d9df2be8b4e9163978fbe940b24d0a9f
figure_2_frequency_errors.tsv	figure_1/data/halide_frequency/bromide_errors.agr	72e5d060acab010c782cb37f2e82246f75902479e97deac4f41d172c61c7e4ad	/data/lab/papers/2026/perspective/figure_1/data/halide_frequency/bromide_errors.agr	72e5d060acab010c782cb37f2e82246f75902479e97deac4f41d172c61c7e4ad
figure_2_frequency_errors.tsv	figure_1/data/halide_frequency/chloride_errors.agr	2f9378df31f45c8524fd39c24f822de1f80bc95c4cd804fe86d8ef0d1a86662f	/data/lab/papers/2026/perspective/figure_1/data/halide_frequency/chloride_errors.agr	2f9378df31f45c8524fd39c24f822de1f80bc95c4cd804fe86d8ef0d1a86662f
figure_2_frequency_errors.tsv	figure_1/data/halide_frequency/fluoride_errors.agr	144c7d0f01068a021a5cf7da5348246ae5feba8b84b742beca92456efeb7bec9	/data/lab/papers/2026/perspective/figure_1/data/halide_frequency/fluoride_errors.agr	144c7d0f01068a021a5cf7da5348246ae5feba8b84b742beca92456efeb7bec9
figure_2_frequency_errors.tsv	figure_1/data/halide_frequency/iodide_errors.agr	a1ebfff1c839a3fe87216c946d801e254a196c010c1efe20967f7b0b530b4ee2	/data/lab/papers/2026/perspective/figure_1/data/halide_frequency/iodide_errors.agr	a1ebfff1c839a3fe87216c946d801e254a196c010c1efe20967f7b0b530b4ee2
figure_2_frequency_errors.tsv	figure_1/scripts/plot_style.py	2eaa6a459a68ef5f030ee2b7cad71115082fe147de5e8f1cab78cde7dcfef370	/data/lab/papers/2026/perspective/figure_1/scripts/plot_style.py	2eaa6a459a68ef5f030ee2b7cad71115082fe147de5e8f1cab78cde7dcfef370
figure_2_frequency_errors.tsv	figure_2/scripts/plot_panel_c_alkali_frequency.py	83ce06f1a11c3b789527480f785e9029a17ec9a8dbfbc32dbf5cb220b52c17bf	/data/lab/papers/2026/perspective/figure_2/scripts/plot_panel_c_alkali_frequency.py	78426f29072c35b50f1f0c2f258534bf4a946c99ba5c7932a0b15bdde812f331
figure_2_frequency_errors.tsv	figure_2/scripts/plot_panel_d_halide_frequency.py	921c2f698bf07264bf0cb37ff4b0a0f5377e5cb6b465a50614bec8dce39ddd7d	/data/lab/papers/2026/perspective/figure_2/scripts/plot_panel_d_halide_frequency.py	ed2136cfd36a5c3389f2a4ff42b2c67ccfb4170ad302f3e76facf46cd6ebba0f
figure_2_halide_experiment_errors.tsv	figure_2/data/halide_mb_nrg_experiment.dat	a7711e1d4a3f35041eabbe630803eed71b7656f8fe14a167bb8c1db8b926e1b9	/data/lab/papers/2026/perspective/figure_2/data/halide_mb_nrg_experiment.dat	a7711e1d4a3f35041eabbe630803eed71b7656f8fe14a167bb8c1db8b926e1b9
figure_2_halide_experiment_errors.tsv	figure_2/scripts/plot_frequency_error.py	436be7937cbe3754b8befe6fc20d026ea3f5db7af782c186d959adf5102e447f	/data/lab/papers/2026/perspective/figure_2/scripts/plot_frequency_error.py	fcb1de0bbfeb468a45502f7bef14689a6c015126578f6ae2fd516c5599949474
figure_2_halide_experiment_errors.tsv	figure_2/scripts/plot_frequency_reference.py	1d5874b9ca8333e924ca8f3011257a372f3187ff4f3cd42b0825974c080245bd	/data/lab/papers/2026/perspective/figure_2/scripts/plot_frequency_reference.py	0ba683cecbb5cb68fe8e03a539df2a374b88686a7b9f274b7604d17dc8137553
figure_2_halide_experiment_errors.tsv	figure_2/scripts/plot_panel_e_halide_mb_nrg_delta_omega.py	3252fc36f81801674db8256083c3d6fb04ecb18d91a209d8a45700c55ebb14a7	/data/lab/papers/2026/perspective/figure_2/scripts/plot_panel_e_halide_mb_nrg_delta_omega.py	e04fcb052d438333aeeefa98c4cbba09661e9ab7da7ba90a9d80705968dcdc3b
figure_3_dipole.tsv	figure_3/alkali_dipoles/CsRaw.dat	70a6b19c90ffe1450e1f3d711088d4186e38353e21f14524ff563f845c830343	/data/lab/research/IONS/alkali-water/single_ions/vibrationalSpectra_roya/Alkali_Metals_Water_Lammps/comparison/dipoles/CsRaw.dat	70a6b19c90ffe1450e1f3d711088d4186e38353e21f14524ff563f845c830343
figure_3_dipole.tsv	figure_3/alkali_dipoles/KRaw.dat	90c326aacc582b1f168a84e30382344531237a72a8d9c3e2f2e2c2c24ecf450d	/data/lab/research/IONS/alkali-water/single_ions/vibrationalSpectra_roya/Alkali_Metals_Water_Lammps/comparison/dipoles/KRaw.dat	90c326aacc582b1f168a84e30382344531237a72a8d9c3e2f2e2c2c24ecf450d
figure_3_dipole.tsv	figure_3/alkali_dipoles/LiRaw.dat	c222029e5a97f082567f41469678854c3b60aaa7612eb6627ead51197553de92	/data/lab/research/IONS/alkali-water/single_ions/vibrationalSpectra_roya/Alkali_Metals_Water_Lammps/comparison/dipoles/LiRaw.dat	c222029e5a97f082567f41469678854c3b60aaa7612eb6627ead51197553de92
figure_3_dipole.tsv	figure_3/alkali_dipoles/NaRaw.dat	669c241513eec65d0a21d1e1974fd6860bf4a804eba252a996e09d3837f4d37b	/data/lab/research/IONS/alkali-water/single_ions/vibrationalSpectra_roya/Alkali_Metals_Water_Lammps/comparison/dipoles/NaRaw.dat	669c241513eec65d0a21d1e1974fd6860bf4a804eba252a996e09d3837f4d37b
figure_3_dipole.tsv	figure_3/alkali_dipoles/RbRaw.dat	060ccdb8204b3a196fb76c12c256a7877c8d8054dd9ef3b002e2abcd2e3c4e06	/data/lab/research/IONS/alkali-water/single_ions/vibrationalSpectra_roya/Alkali_Metals_Water_Lammps/comparison/dipoles/RbRaw.dat	060ccdb8204b3a196fb76c12c256a7877c8d8054dd9ef3b002e2abcd2e3c4e06
figure_3_dipole.tsv	figure_3/halide_dipole/Br/BrRaw.dat	f6485ba14b83977c838b363ee425dcbb159e6e773332d6b2d552accc6c44910a	/data/lab/research/IONS/halides/vibrationalspectra_roya/Halide_Water_Lammps/results/average_dipole/Br/BrRaw.dat	f6485ba14b83977c838b363ee425dcbb159e6e773332d6b2d552accc6c44910a
figure_3_dipole.tsv	figure_3/halide_dipole/Cl/ClRaw.dat	308316beb40fd7e1f56c69733ed8149f753aab00a8ee059af7d87ab493039260	/data/lab/research/IONS/halides/vibrationalspectra_roya/Halide_Water_Lammps/results/average_dipole/Cl/ClRaw.dat	308316beb40fd7e1f56c69733ed8149f753aab00a8ee059af7d87ab493039260
figure_3_dipole.tsv	figure_3/halide_dipole/F/FRaw.dat	8fdb6660571c5065ada8ff0c8938ba28991e9904cb98b70a093604474d389dd5	/data/lab/research/IONS/halides/vibrationalspectra_roya/Halide_Water_Lammps/results/average_dipole/F/FRaw.dat	8fdb6660571c5065ada8ff0c8938ba28991e9904cb98b70a093604474d389dd5
figure_3_dipole.tsv	figure_3/halide_dipole/I/IRaw.dat	450cd11a4857b2bc7c1cb1c89202d3c436f80a8ca6393832b0735a0781af7e9d	/data/lab/research/IONS/halides/vibrationalspectra_roya/Halide_Water_Lammps/results/average_dipole/I/IRaw.dat	450cd11a4857b2bc7c1cb1c89202d3c436f80a8ca6393832b0735a0781af7e9d
figure_3_dipole.tsv	figure_3/scripts/plot_dipole_moment.py	b190477319e2795eaeb9995810eac902d7b882b92158d5b5671cd07a92858332	/data/lab/papers/2026/perspective/figure_3/scripts/plot_dipole_moment.py	b190477319e2795eaeb9995810eac902d7b882b92158d5b5671cd07a92858332
figure_3_exafs.tsv	figure_3/exafs/br/average_K.dat	a71eac69c8159213330f1aa783a57457f2a0ddb6fe3d3e90e3aacf7bd6245e1b	/data/lab/research/IONS/halides/single_ions/EXAFS/br/average_K.dat	a71eac69c8159213330f1aa783a57457f2a0ddb6fe3d3e90e3aacf7bd6245e1b
figure_3_exafs.tsv	figure_3/exafs/br/exp.dat	47feb6953308e32b7f416cd100fa3a65e165a1e86c3467cc7c88ce494ed2a8bc	/data/lab/research/IONS/halides/single_ions/EXAFS/br/exp.dat	47feb6953308e32b7f416cd100fa3a65e165a1e86c3467cc7c88ce494ed2a8bc
figure_3_exafs.tsv	figure_3/exafs/cl/average_K.dat	ea6beb649825f6c8130e6ff4e162c561ec52c772e04c406a25651385d496aaf1	/data/lab/research/IONS/halides/single_ions/EXAFS/cl/average_K.dat	ea6beb649825f6c8130e6ff4e162c561ec52c772e04c406a25651385d496aaf1
figure_3_exafs.tsv	figure_3/exafs/cl/exp.dat	b22ad20624480f4e9e78449ee3921607d738354d78c1daf07597a1a5699a2616	/data/lab/research/IONS/halides/single_ions/EXAFS/cl/exp.dat	b22ad20624480f4e9e78449ee3921607d738354d78c1daf07597a1a5699a2616
figure_3_exafs.tsv	figure_3/exafs/cs+/cs_exafs_L1.agr.bz2	7101d48f11b3371a9eeb9c6c04b6dcbfc1abde5e292f910d753d1dc02458e9ca	/data/lab/papers/2026/perspective/figure_3/exafs/cs+/cs_exafs_L1.agr.bz2	7101d48f11b3371a9eeb9c6c04b6dcbfc1abde5e292f910d753d1dc02458e9ca
figure_3_exafs.tsv	figure_3/exafs/cs+/k2_L1_ME_corrected.dat.bz2	bcb266bb970f138a388092d0f684bc0bb9cbd8dc535312055451623ff6d45137	/data/lab/papers/2026/perspective/figure_3/exafs/cs+/k2_L1_ME_corrected.dat.bz2	bcb266bb970f138a388092d0f684bc0bb9cbd8dc535312055451623ff6d45137
figure_3_exafs.tsv	figure_3/exafs/experiments/k+/exp_k+_exafs.dat	1a819bf8b0015c01c0190c0c10025cf2c568d410b8628f63902bde119be65eee	/data/lab/research/IONS/alkali-water/single_ions/100pol_100polfac/k+/experiments/exafs/exp_k+_exafs.dat	1a819bf8b0015c01c0190c0c10025cf2c568d410b8628f63902bde119be65eee
figure_3_exafs.tsv	figure_3/exafs/experiments/na+/exp_exafs_na+.dat	19b2acdfb55c249cf5f7d0f18cd7b71260ea2fbaa5b4864af0fd17803916eae3	/data/lab/research/IONS/alkali-water/single_ions/100pol_100polfac/na+/experiments/exafs/exp_exafs_na+.dat	19b2acdfb55c249cf5f7d0f18cd7b71260ea2fbaa5b4864af0fd17803916eae3
figure_3_exafs.tsv	figure_3/exafs/i/L1_exp.dat	feaa473716bff8d544724b35243b6ed9ae535f8445106789064b012ae58feb5b	/data/lab/research/IONS/halides/single_ions/EXAFS/i/L1_exp.dat	feaa473716bff8d544724b35243b6ed9ae535f8445106789064b012ae58feb5b
figure_3_exafs.tsv	figure_3/exafs/i/average_L1.dat	2d0a090cfecdd768de8632f5ce6aa0b1db462fd83277317afe4b2bcb99d986b5	/data/lab/research/IONS/halides/single_ions/EXAFS/i/average_L1.dat	2d0a090cfecdd768de8632f5ce6aa0b1db462fd83277317afe4b2bcb99d986b5
figure_3_exafs.tsv	figure_3/exafs/k+/average_1_2000/average_k2_chi	d2d97cedefaa1383cf938ab3a5422990ce70da226c1a3267f5cdf299f7b10ddd	/data/lab/research/IONS/alkali-water/single_ions/100pol_100polfac/k+/2B+3B+NB-mb-nrg/current_fit/298K/md/npt/exafs/spectra/wat33_K/all/average_1_2000/average_k2_chi	d2d97cedefaa1383cf938ab3a5422990ce70da226c1a3267f5cdf299f7b10ddd
figure_3_exafs.tsv	figure_3/exafs/na+/average_1_2000/average_k2_chi	81fb5afe33dcdfcd545aeda7d27c77d93d7f230c061644c333793f3c1e309674	/data/lab/research/IONS/alkali-water/single_ions/100pol_100polfac/na+/2B+3B+NB-mb-nrg/current_fit/298K/md/npt/exafs/spectra/wat33_K/all/average_1_2000/average_k2_chi	81fb5afe33dcdfcd545aeda7d27c77d93d7f230c061644c333793f3c1e309674
figure_3_exafs.tsv	figure_3/scripts/plot_exafs.py	e97dd35e3dd6713414d5b6f035e2ab75455f51cd668e2cf16ee95191c406bae3	/data/lab/papers/2026/perspective/figure_3/scripts/plot_exafs.py	abfc3bcaa295e16f9ada52d058b26cfc2079d922c80fba027484b1df8829f124
figure_3_ir.tsv	figure_3/alkali_IR/1st_hydration/Cs_norm_1st_Hyd_scale.dat	cec7642de3b74b042056b47f5707465ed96ffd4d240e24470cf794bbc8172736	/data/lab/research/IONS/alkali-water/single_ions/vibrationalSpectra_roya/Alkali_Metals_Water_Lammps/comparison/IR/1st_hydration/Cs_norm_1st_Hyd_scale.dat	cec7642de3b74b042056b47f5707465ed96ffd4d240e24470cf794bbc8172736
figure_3_ir.tsv	figure_3/alkali_IR/1st_hydration/K_norm_1st_Hyd_scale.dat	c423d094eba2bbdc45f53959a4529b9a0f346f41742eb259d1b4dc670a3f35c8	/data/lab/research/IONS/alkali-water/single_ions/vibrationalSpectra_roya/Alkali_Metals_Water_Lammps/comparison/IR/1st_hydration/K_norm_1st_Hyd_scale.dat	c423d094eba2bbdc45f53959a4529b9a0f346f41742eb259d1b4dc670a3f35c8
figure_3_ir.tsv	figure_3/alkali_IR/1st_hydration/Li_norm_1st_Hyd_scale.dat	8829bdcdb7fd4c7fc489ef516d8f7bb8e98d7ad77ed44d9a7af787f047851566	/data/lab/research/IONS/alkali-water/single_ions/vibrationalSpectra_roya/Alkali_Metals_Water_Lammps/comparison/IR/1st_hydration/Li_norm_1st_Hyd_scale.dat	8829bdcdb7fd4c7fc489ef516d8f7bb8e98d7ad77ed44d9a7af787f047851566
figure_3_ir.tsv	figure_3/alkali_IR/1st_hydration/Na_norm_1st_Hyd_scale.dat	87384328d4e9b6395ce4a71fda0903fec111c7ea55220e5b1cae8fdbd4bfca19	/data/lab/research/IONS/alkali-water/single_ions/vibrationalSpectra_roya/Alkali_Metals_Water_Lammps/comparison/IR/1st_hydration/Na_norm_1st_Hyd_scale.dat	87384328d4e9b6395ce4a71fda0903fec111c7ea55220e5b1cae8fdbd4bfca19
figure_3_ir.tsv	figure_3/alkali_IR/1st_hydration/Rb_norm_1st_Hyd_scale.dat	2379beb3b002759b13b5c116f3a0f947092bf7d8406347f5ec71d63c44e83c34	/data/lab/research/IONS/alkali-water/single_ions/vibrationalSpectra_roya/Alkali_Metals_Water_Lammps/comparison/IR/1st_hydration/Rb_norm_1st_Hyd_scale.dat	2379beb3b002759b13b5c116f3a0f947092bf7d8406347f5ec71d63c44e83c34
figure_3_ir.tsv	figure_3/alkali_IR/ir_spec_nb_a2.dat	f26c5e704efe76a83c966cef9ed1f0833a0181dfcab76d41d16b93499e1932ed	/data/lab/research/IONS/alkali-water/single_ions/vibrationalSpectra_roya/Alkali_Metals_Water_Lammps/comparison/IR/ir_spec_nb_a2.dat	f26c5e704efe76a83c966cef9ed1f0833a0181dfcab76d41d16b93499e1932ed
figure_3_ir.tsv	figure_3/halide_IR/1st_Hydration/Normalized_Br_1stHydration2.txt	00a355f08f9773bf25a6e085c45f31c84d5c1751b44afebd44116fb582ec8a7d	/data/lab/research/IONS/halides/vibrationalspectra_roya/Halide_Water_Lammps/results/IR_Spectra/1st_Hydration/Normalized_Br_1stHydration2.txt	00a355f08f9773bf25a6e085c45f31c84d5c1751b44afebd44116fb582ec8a7d
figure_3_ir.tsv	figure_3/halide_IR/1st_Hydration/Normalized_Cl_1stHydration2.txt	e1dd80c98780df9d4533490cf31695ae63371f98d85578f53a4d8959feced5ee	/data/lab/research/IONS/halides/vibrationalspectra_roya/Halide_Water_Lammps/results/IR_Spectra/1st_Hydration/Normalized_Cl_1stHydration2.txt	e1dd80c98780df9d4533490cf31695ae63371f98d85578f53a4d8959feced5ee
figure_3_ir.tsv	figure_3/halide_IR/1st_Hydration/Normalized_F_1stHydration1.txt	8b6ab3ea76100287b0302b60a77c2d648c1d116d2fc8a114cbc77afcc6849db5	/data/lab/research/IONS/halides/vibrationalspectra_roya/Halide_Water_Lammps/results/IR_Spectra/1st_Hydration/Normalized_F_1stHydration1.txt	8b6ab3ea76100287b0302b60a77c2d648c1d116d2fc8a114cbc77afcc6849db5
figure_3_ir.tsv	figure_3/halide_IR/1st_Hydration/Normalized_I_1stHydration2.txt	486062bec84d5f9236a4c9e476f41c9b150c7a3790e4fcd280aabc8cba4de446	/data/lab/research/IONS/halides/vibrationalspectra_roya/Halide_Water_Lammps/results/IR_Spectra/1st_Hydration/Normalized_I_1stHydration2.txt	486062bec84d5f9236a4c9e476f41c9b150c7a3790e4fcd280aabc8cba4de446
figure_3_ir.tsv	figure_3/scripts/plot_vibrational_spectrum.py	cad0a4147bae6e3331d5ffa2cb8d51ceef8f6c6776e1a4534f91b615269ca975	/data/lab/papers/2026/perspective/figure_3/scripts/plot_vibrational_spectrum.py	cad0a4147bae6e3331d5ffa2cb8d51ceef8f6c6776e1a4534f91b615269ca975
figure_3_rdf.tsv	figure_3/alkali_rdfs/smoothed_Cs+_lammps_RDF_nve	8e03899729cd59183e779537841fdcc903622aef490531f4a00bb9a159d992db	/data/lab/research/IONS/alkali-water/single_ions/vibrationalSpectra_roya/Alkali_Metals_Water_Lammps/comparison/RDF/smoothed_Cs+_lammps_RDF_nve	8e03899729cd59183e779537841fdcc903622aef490531f4a00bb9a159d992db
figure_3_rdf.tsv	figure_3/alkali_rdfs/smoothed_K+_lammps_RDF_nve	1c2f34f9a69c2a113af69cc574f362bffc36820bc55a76cb0bd20b073908fa43	/data/lab/research/IONS/alkali-water/single_ions/vibrationalSpectra_roya/Alkali_Metals_Water_Lammps/comparison/RDF/smoothed_K+_lammps_RDF_nve	1c2f34f9a69c2a113af69cc574f362bffc36820bc55a76cb0bd20b073908fa43
figure_3_rdf.tsv	figure_3/alkali_rdfs/smoothed_Li+_lammps_RDF_nve	75662b5a409d01a917a0a456baf818185b43d5c90a153d463e3088637a5117e9	/data/lab/research/IONS/alkali-water/single_ions/vibrationalSpectra_roya/Alkali_Metals_Water_Lammps/comparison/RDF/smoothed_Li+_lammps_RDF_nve	75662b5a409d01a917a0a456baf818185b43d5c90a153d463e3088637a5117e9
figure_3_rdf.tsv	figure_3/alkali_rdfs/smoothed_Na+_lammps_RDF_nve	77db7a5af505d2f224e0d8a3f4a3182f900e30961f8ceefdd30b9215554cd551	/data/lab/research/IONS/alkali-water/single_ions/vibrationalSpectra_roya/Alkali_Metals_Water_Lammps/comparison/RDF/smoothed_Na+_lammps_RDF_nve	77db7a5af505d2f224e0d8a3f4a3182f900e30961f8ceefdd30b9215554cd551
figure_3_rdf.tsv	figure_3/alkali_rdfs/smoothed_Rb+_lammps_RDF_nve	05967d6abb94e022886a182ce95dc1dbbcb8dcd49826367a72c75670e41c32e4	/data/lab/research/IONS/alkali-water/single_ions/vibrationalSpectra_roya/Alkali_Metals_Water_Lammps/comparison/RDF/smoothed_Rb+_lammps_RDF_nve	05967d6abb94e022886a182ce95dc1dbbcb8dcd49826367a72c75670e41c32e4
figure_3_rdf.tsv	figure_3/halide_rdfs/X-O/smoothed_AverageRDFBr.txt	3e0d25d0de155ed4fe2b6aff895dbb554de5246ae17fd9e52851029c1c57d160	/data/lab/research/IONS/halides/vibrationalspectra_roya/Halide_Water_Lammps/results/RDF/X-O/smoothed_AverageRDFBr.txt	3e0d25d0de155ed4fe2b6aff895dbb554de5246ae17fd9e52851029c1c57d160
figure_3_rdf.tsv	figure_3/halide_rdfs/X-O/smoothed_AverageRDFCl.txt	bff23595875d2cd257aafa757cdda187e9eafcdd5d3e62baa6433e3b69f029b6	/data/lab/research/IONS/halides/vibrationalspectra_roya/Halide_Water_Lammps/results/RDF/X-O/smoothed_AverageRDFCl.txt	bff23595875d2cd257aafa757cdda187e9eafcdd5d3e62baa6433e3b69f029b6
figure_3_rdf.tsv	figure_3/halide_rdfs/X-O/smoothed_AverageRDFF.txt	5c23e662e74709dbbf8ee1ac7ba348732acce76d07a74f44da02444bed6e4513	/data/lab/research/IONS/halides/vibrationalspectra_roya/Halide_Water_Lammps/results/RDF/X-O/smoothed_AverageRDFF.txt	5c23e662e74709dbbf8ee1ac7ba348732acce76d07a74f44da02444bed6e4513
figure_3_rdf.tsv	figure_3/halide_rdfs/X-O/smoothed_AverageRDFI.txt	618bb9f4a157699f5c0a6939cc62c90108ba768e71a955d5cd5896cefe5f376c	/data/lab/research/IONS/halides/vibrationalspectra_roya/Halide_Water_Lammps/results/RDF/X-O/smoothed_AverageRDFI.txt	618bb9f4a157699f5c0a6939cc62c90108ba768e71a955d5cd5896cefe5f376c
figure_3_rdf.tsv	figure_3/scripts/plot_alkali_metal_rdf.py	a3dc6c61e662ce4990d2b1cf6f898740eeea579be1fa7f326c03561c6cd7a726	/data/lab/papers/2026/perspective/figure_3/scripts/plot_alkali_metal_rdf.py	20f73ceffb84acd70721bf65fb0d63982a272089622ea8eadcd2fb9a2c3e0d4f
figure_3_rdf.tsv	figure_3/scripts/plot_halide_rdfs.py	c6fd1cc6cc7b32999439f3555605b55983e2bef3b57148450b5bafbe588882c2	/data/lab/papers/2026/perspective/figure_3/scripts/plot_halide_rdfs.py	c19516e22db177db34464695ab0f79c2e453576089e5c82e1c634ff9a24341f5
figure_3_solvation.tsv	figure_3/figure_03_abs_solvation_free_energy/overall_step_deltaG_all.txt	8c23171f72dbfc6ef0672315bcec4aed51611f56231fae14f8f53ff7ec27a534	/data/lab/papers/2026/perspective/figure_3/figure_03_abs_solvation_free_energy/overall_step_deltaG_all.txt	8c23171f72dbfc6ef0672315bcec4aed51611f56231fae14f8f53ff7ec27a534
figure_3_solvation.tsv	figure_3/scripts/plot_solvation_free_energy.py	138a5ca4aa88347548a097dd99051acc00c5f9bc31c150d86b3c03cbf06611d6	/data/lab/papers/2026/perspective/figure_3/scripts/plot_solvation_free_energy.py	138a5ca4aa88347548a097dd99051acc00c5f9bc31c150d86b3c03cbf06611d6
figure_4_energy_components.tsv	figure_4/figure_02_interaction_energy/data/total_energy/ion_water/fluoride.txt	fd8532657a58bec432c07a9314f8c2fc11f5973c4194d710813a654b54fca02b	/data/lab/papers/2026/perspective/figure_4/figure_02_interaction_energy/data/total_energy/ion_water/fluoride.txt	fd8532657a58bec432c07a9314f8c2fc11f5973c4194d710813a654b54fca02b
figure_4_energy_components.tsv	figure_4/figure_02_interaction_energy/data/total_energy/ion_water/iodide.txt	b26e09db5ba10d10459065fde81d8ab0229838fbb6eaca3e2d4adb4c6386189c	/data/lab/papers/2026/perspective/figure_4/figure_02_interaction_energy/data/total_energy/ion_water/iodide.txt	b26e09db5ba10d10459065fde81d8ab0229838fbb6eaca3e2d4adb4c6386189c
figure_4_energy_components.tsv	figure_4/figure_02_interaction_energy/data/total_energy/water_water/fluoride.txt	054a2fbcd4359308372334b9fa0693ff8c3116fbfe9e5970a469a12d6e50e1a6	/data/lab/papers/2026/perspective/figure_4/figure_02_interaction_energy/data/total_energy/water_water/fluoride.txt	054a2fbcd4359308372334b9fa0693ff8c3116fbfe9e5970a469a12d6e50e1a6
figure_4_energy_components.tsv	figure_4/figure_02_interaction_energy/data/total_energy/water_water/iodide.txt	50e3e247a62d3ecde27426ca4c40ea7a71fae9fee84bc5b4642734dd9ea6a89c	/data/lab/papers/2026/perspective/figure_4/figure_02_interaction_energy/data/total_energy/water_water/iodide.txt	50e3e247a62d3ecde27426ca4c40ea7a71fae9fee84bc5b4642734dd9ea6a89c
figure_4_energy_components.tsv	figure_4/figure_04_entropy_decomp/data/fluoride/entropic_contribution.txt	04940d5005a0c389dc04bf842db263bce4c027c54e9c5a33b988246917aff8e1	/data/lab/papers/2026/perspective/figure_4/figure_04_entropy_decomp/data/fluoride/entropic_contribution.txt	04940d5005a0c389dc04bf842db263bce4c027c54e9c5a33b988246917aff8e1
figure_4_energy_components.tsv	figure_4/figure_04_entropy_decomp/data/fluoride/free_energy.txt	2602996ca5d8e96a01f43da3d2897e5d384956fd181801fb5233e552f9d3a647	/data/lab/papers/2026/perspective/figure_4/figure_04_entropy_decomp/data/fluoride/free_energy.txt	2602996ca5d8e96a01f43da3d2897e5d384956fd181801fb5233e552f9d3a647
figure_4_energy_components.tsv	figure_4/figure_04_entropy_decomp/data/fluoride/internal_energy.txt	aeff90c2bfa72f3456f6d4697e5a3851f0e7c39659ca0ca3a1ff9cffed8444d0	/data/lab/papers/2026/perspective/figure_4/figure_04_entropy_decomp/data/fluoride/internal_energy.txt	aeff90c2bfa72f3456f6d4697e5a3851f0e7c39659ca0ca3a1ff9cffed8444d0
figure_4_energy_components.tsv	figure_4/figure_04_entropy_decomp/data/iodide/entropic_contribution.txt	3223cefca0102ae72983a095ae6e117f7f6a417a051509968af7038a51a0d4bc	/data/lab/papers/2026/perspective/figure_4/figure_04_entropy_decomp/data/iodide/entropic_contribution.txt	3223cefca0102ae72983a095ae6e117f7f6a417a051509968af7038a51a0d4bc
figure_4_energy_components.tsv	figure_4/figure_04_entropy_decomp/data/iodide/free_energy.txt	0bd0af9571e24896ab7243b7f387b424bab14ee2bded5e84cf417cfac16638e2	/data/lab/papers/2026/perspective/figure_4/figure_04_entropy_decomp/data/iodide/free_energy.txt	0bd0af9571e24896ab7243b7f387b424bab14ee2bded5e84cf417cfac16638e2
figure_4_energy_components.tsv	figure_4/figure_04_entropy_decomp/data/iodide/internal_energy.txt	c2f28d7de7d20096f3f6cf526c22c5cbba2d4d8ca6a4a046f5fcdb6c8c0b9340	/data/lab/papers/2026/perspective/figure_4/figure_04_entropy_decomp/data/iodide/internal_energy.txt	c2f28d7de7d20096f3f6cf526c22c5cbba2d4d8ca6a4a046f5fcdb6c8c0b9340
figure_4_energy_components.tsv	figure_4/plot_entropy_interaction_f_i.py	dc287c457c88c2f2e5aa6ada30088dedc1c93eb63dfd0983ddeb9ba18ca83e22	/data/lab/papers/2026/perspective/figure_4/plot_entropy_interaction_f_i.py	14f791e1d6b7d6384d5d677244f30b7d321e48a406df7d5979944dd280468548
figure_4_pmf.tsv	figure_4/figure_01_PMFs/data/mb_nrg_2b_3b_nb/bromide_pmf.txt	fbe6c5401191155ca08553b295cb1e3b8e4620b50b5bdffef2345a79c9f74b62	/data/lab/papers/2026/perspective/figure_4/figure_01_PMFs/data/mb_nrg_2b_3b_nb/bromide_pmf.txt	fbe6c5401191155ca08553b295cb1e3b8e4620b50b5bdffef2345a79c9f74b62
figure_4_pmf.tsv	figure_4/figure_01_PMFs/data/mb_nrg_2b_3b_nb/chloride_pmf.txt	29d87deb932c5896bb44b76506c41dec882b92018c52d4d2dd04a14a5144ad24	/data/lab/papers/2026/perspective/figure_4/figure_01_PMFs/data/mb_nrg_2b_3b_nb/chloride_pmf.txt	29d87deb932c5896bb44b76506c41dec882b92018c52d4d2dd04a14a5144ad24
figure_4_pmf.tsv	figure_4/figure_01_PMFs/data/mb_nrg_2b_3b_nb/fluoride_pmf.txt	4c478e953fb2fcefb902db03a8b83bc9a3aea17a164095a0084de6540476c0aa	/data/lab/papers/2026/perspective/figure_4/figure_01_PMFs/data/mb_nrg_2b_3b_nb/fluoride_pmf.txt	4c478e953fb2fcefb902db03a8b83bc9a3aea17a164095a0084de6540476c0aa
figure_4_pmf.tsv	figure_4/figure_01_PMFs/data/mb_nrg_2b_3b_nb/iodide_pmf.txt	2be33aaa218bf5198bfd9305efbba8655185813e5f3bb3366c417391d1ee6613	/data/lab/papers/2026/perspective/figure_4/figure_01_PMFs/data/mb_nrg_2b_3b_nb/iodide_pmf.txt	2be33aaa218bf5198bfd9305efbba8655185813e5f3bb3366c417391d1ee6613
figure_4_pmf.tsv	figure_4/figure_01_PMFs/data/ttm_nrg/bromide_pmf.txt	b2950d3f9d8c7be50a2e24b75baa804f29aaceef60deebb1a6c560411432e081	/data/lab/papers/2026/perspective/figure_4/figure_01_PMFs/data/ttm_nrg/bromide_pmf.txt	b2950d3f9d8c7be50a2e24b75baa804f29aaceef60deebb1a6c560411432e081
figure_4_pmf.tsv	figure_4/figure_01_PMFs/data/ttm_nrg/chloride_pmf.txt	518b2619dc1a76bec895c3fb3c598a5c66126e190f401a210925309dcb3e6aef	/data/lab/papers/2026/perspective/figure_4/figure_01_PMFs/data/ttm_nrg/chloride_pmf.txt	518b2619dc1a76bec895c3fb3c598a5c66126e190f401a210925309dcb3e6aef
figure_4_pmf.tsv	figure_4/figure_01_PMFs/data/ttm_nrg/fluoride_pmf.txt	d54fe1c8fd98e4c8a1716228920d506fa4d8fe2033532d6df44546df4ea5e93c	/data/lab/papers/2026/perspective/figure_4/figure_01_PMFs/data/ttm_nrg/fluoride_pmf.txt	d54fe1c8fd98e4c8a1716228920d506fa4d8fe2033532d6df44546df4ea5e93c
figure_4_pmf.tsv	figure_4/figure_01_PMFs/data/ttm_nrg/iodide_pmf.txt	c2a8bb80ab20bfd73e0b8ee43c53673d5023e6e981b5de4e433590755a5d9b66	/data/lab/papers/2026/perspective/figure_4/figure_01_PMFs/data/ttm_nrg/iodide_pmf.txt	c2a8bb80ab20bfd73e0b8ee43c53673d5023e6e981b5de4e433590755a5d9b66
figure_4_pmf.tsv	figure_4/plot_pmf_separate_models.py	622c899422e828b1c397d2cf6b85c2c9195aba7e3b4011cd4f012c1dc455517b	/data/lab/papers/2026/perspective/figure_4/plot_pmf_separate_models.py	3df282f0d5a5f240a59fd3f8b00f084ed97c5cb3062bcff5b4e4475f449ae9c4
figure_4_pmf.tsv	figure_4/water_density_background.py	3208082b652f2a986091b15f2b0926e06b0efa68deb767aab8083ae3a54693f2	/data/lab/papers/2026/perspective/figure_4/water_density_background.py	3208082b652f2a986091b15f2b0926e06b0efa68deb767aab8083ae3a54693f2
figure_4_pmf.tsv	figure_4/water_density_histogram.dat	c2fb5160a2252cd4513bdcad2bca3310c274cdeff0bb8e3e24b883ac7e831fa4	/data/lab/papers/2026/perspective/figure_4/water_density_histogram.dat	c2fb5160a2252cd4513bdcad2bca3310c274cdeff0bb8e3e24b883ac7e831fa4
figure_4_water_density.tsv	figure_4/water_density_background.py	3208082b652f2a986091b15f2b0926e06b0efa68deb767aab8083ae3a54693f2	/data/lab/papers/2026/perspective/figure_4/water_density_background.py	3208082b652f2a986091b15f2b0926e06b0efa68deb767aab8083ae3a54693f2
figure_4_water_density.tsv	figure_4/water_density_histogram.dat	c2fb5160a2252cd4513bdcad2bca3310c274cdeff0bb8e3e24b883ac7e831fa4	/data/lab/papers/2026/perspective/figure_4/water_density_histogram.dat	c2fb5160a2252cd4513bdcad2bca3310c274cdeff0bb8e3e24b883ac7e831fa4
*	export_output_data.py	9ef5cf3e09da61f0cd69e2940ff0e951125ab0dca0daf27f4211e8921afb0da3		
